{"Success": true, "Name": " Baskets bi-mati\u00e8re ", "Price": "225 .", "LastChangeTime": "2021-01-16 06:41:11", "ImageThumbnailUrl": "https://fr.claudiepierlot.com/dw/image/v2/BCND_PRD/on/demandware.static/-/Sites-claudie-catalog-master-H13/default/dw31fdb14e/images/preAH15/Claudie_CFACH00183-B001_H_1.jpg?sw=595&sh=872&cx=0&cy=0&cw=1255&ch=1840", "ProductAttributes": [{"AttributeBasicInfo": {"Name": "Size", "Description": ""}, "Mapping": {"TextPrompt": "Size", "IsRequired": true, "AttributeControlTypeId": 2, "AttributeControlType": "RadioList", "DisplayOrder": 0, "DefaultValue": ""}, "Variables": [{"NewPrice": "225 .", "Name": "36", "DisplayColorSquaresRgb": false, "PriceAdjustment": 0, "PriceAdjustmentUsePercentage": false, "IsPreSelected": false, "DisplayOrder": false, "DisplayImageSquaresPicture": false}, {"NewPrice": "225 .", "Name": "37", "DisplayColorSquaresRgb": false, "PriceAdjustment": 0, "PriceAdjustmentUsePercentage": false, "IsPreSelected": false, "DisplayOrder": false, "DisplayImageSquaresPicture": false}, {"NewPrice": "225 .", "Name": "38", "DisplayColorSquaresRgb": false, "PriceAdjustment": 0, "PriceAdjustmentUsePercentage": false, "IsPreSelected": false, "DisplayOrder": false, "DisplayImageSquaresPicture": false}, {"NewPrice": "225 .", "Name": "39", "DisplayColorSquaresRgb": false, "PriceAdjustment": 0, "PriceAdjustmentUsePercentage": false, "IsPreSelected": false, "DisplayOrder": false, "DisplayImageSquaresPicture": false}, {"NewPrice": "225 .", "Name": "40", "DisplayColorSquaresRgb": false, "PriceAdjustment": 0, "PriceAdjustmentUsePercentage": false, "IsPreSelected": false, "DisplayOrder": false, "DisplayImageSquaresPicture": false}, {"NewPrice": "225 .", "Name": "41", "DisplayColorSquaresRgb": false, "PriceAdjustment": 0, "PriceAdjustmentUsePercentage": false, "IsPreSelected": false, "DisplayOrder": false, "DisplayImageSquaresPicture": false}, {"NewPrice": "225 .", "DisplayColorSquaresRgb": false, "PriceAdjustment": 0, "PriceAdjustmentUsePercentage": false, "IsPreSelected": false, "DisplayOrder": false, "DisplayImageSquaresPicture": false}]}, {"AttributeBasicInfo": {"Name": "Color", "Description": ""}, "Mapping": {"TextPrompt": "Color", "IsRequired": true, "AttributeControlTypeId": 2, "AttributeControlType": "RadioList", "DisplayOrder": 0, "DefaultValue": ""}, "Variables": [{"NewPrice": "225 .", "Name": "NOIR", "ColorSquaresRgb": "https://fr.claudiepierlot.com/on/demandware.static/-/Sites-claudie-catalog-front/default/dw90042cb1/imagesSwatches/B001.jpg", "DisplayColorSquaresRgb": false, "PriceAdjustment": 0, "PriceAdjustmentUsePercentage": false, "IsPreSelected": true, "DisplayOrder": false, "DisplayImageSquaresPicture": false}, {"NewPrice": "225 .", "ColorSquaresRgb": "https://fr.claudiepierlot.com/on/demandware.static/-/Sites-claudie-catalog-front/default/dw9a83c80e/imagesSwatches/A011.jpg", "DisplayColorSquaresRgb": false, "PriceAdjustment": 0, "PriceAdjustmentUsePercentage": false, "IsPreSelected": false, "DisplayOrder": false, "DisplayImageSquaresPicture": false}]}], "ImageUrls": "https://fr.claudiepierlot.com/dw/image/v2/BCND_PRD/on/demandware.static/-/Sites-claudie-catalog-master-H13/default/dw31fdb14e/images/preAH15/Claudie_CFACH00183-B001_H_1.jpg?sw=595&sh=872&cx=0&cy=0&cw=1255&ch=1840,https://fr.claudiepierlot.com/dw/image/v2/BCND_PRD/on/demandware.static/-/Sites-claudie-catalog-master-H13/default/dw54430386/images/preAH15/Claudie_CFACH00183-B001_H_2.jpg?sw=595&sh=872&cx=0&cy=0&cw=1255&ch=1840,https://fr.claudiepierlot.com/dw/image/v2/BCND_PRD/on/demandware.static/-/Sites-claudie-catalog-master-H13/default/dwf73005b7/images/preAH15/Claudie_CFACH00183-B001_H_3.jpg?sw=595&sh=872&cx=0&cy=0&cw=1255&ch=1840,https://fr.claudiepierlot.com/dw/image/v2/BCND_PRD/on/demandware.static/-/Sites-claudie-catalog-master-H13/default/dw12c758cd/images/preAH15/Claudie_CFACH00183-B001_H_4.jpg?sw=595&sh=872&cx=0&cy=0&cw=1255&ch=1840,https://fr.claudiepierlot.com/dw/image/v2/BCND_PRD/on/demandware.static/-/Sites-claudie-catalog-master-H13/default/dw940658a5/images/preAH15/Claudie_CFACH00183-B001_H_5.jpg?sw=595&sh=872&cx=0&cy=0&cw=1255&ch=1840"}
