{"Id": "ca97dd97-1eed-44b5-98bc-019c65c75169", "ProjectName": "Dior"}
{"Id": "8c1a89f9-7411-4d4f-8deb-a004995a4507", "ProjectName": "Dior", "ProductUrl": "https://www.dior.com/fr_fr/products/couture-M0565ORLE_M885-sac-lady-d-lite-medium-broderie-dior-in-lights-multicolore", "ProductName": "Sac Lady D-Lite MediumBroderie Dior In Lights multicolore", "Price": "3\u202f900,00\u00a0\u20ac"}
{"Id": "d43fb292-6d1b-4233-9598-4b20949e51f3", "ProjectName": "Dior", "ProductUrl": "https://www.dior.com/fr_fr/products/couture-M0446CLPR_M884-sac-saddle-cuir-de-veau-brode-de-perles-et-de-sequins-a-motif-dior-in-lights-multicolore", "ProductName": "Sac SaddleCuir de veau brod\u00e9 de perles et de sequins \u00e0 motif Dior In Lights multicolore", "Price": "4\u202f400,00\u00a0\u20ac"}
{"Id": "4d16a159-6154-4096-80d0-c982e6f4f5d6", "ProjectName": "Dior", "ProductUrl": "https://www.dior.com/fr_fr/products/couture-M0565JREY_M957-sac-lady-d-lite-medium-broderie-cannage-couleur-bois-de-rose", "ProductName": "Sac Lady D-Lite MediumBroderie Cannage couleur bois de rose", "Price": "3\u202f600,00\u00a0\u20ac"}
{"Id": "ed436dcd-ae98-4550-a09e-48bb15d0cb13", "ProjectName": "Dior", "ProductUrl": "https://www.dior.com/fr_fr/products/couture-M0565OREY_M919-sac-lady-d-lite-medium-broderie-cannage-beige", "ProductName": "Sac Lady D-Lite MediumBroderie Cannage beige", "Price": "3\u202f600,00\u00a0\u20ac"}
{"Id": "25f751a2-d5ec-4d21-8218-24021289bd06", "ProjectName": "Dior", "ProductUrl": "https://www.dior.com/fr_fr/products/couture-M0565OSAQ_M929-sac-lady-dior-medium-cuir-de-veau-imprime-et-brode-de-fils-et-de-perles-a-motif-dior-in-lights-fuchsia-multicolore", "ProductName": "Sac Lady Dior MediumCuir de veau imprim\u00e9 et brod\u00e9 de fils et de perles \u00e0 motif Dior In Lights fuchsia multicolore", "Price": "5\u202f200,00\u00a0\u20ac"}
{"Id": "68b0bc1b-6d4e-4ae6-9a79-e8586c41f495", "ProjectName": "Dior", "ProductUrl": "https://www.dior.com/fr_fr/products/couture-M0565OSCQ_M911-sac-lady-dior-medium-cuir-de-veau-imprime-et-brode-de-fils-et-de-perles-dior-in-heart-lights-noir-multicolore", "ProductName": "Sac Lady Dior MediumCuir de veau imprim\u00e9 et brod\u00e9 de fils et de perles Dior In Heart Lights noir multicolore", "Price": "5\u202f200,00\u00a0\u20ac"}
{"Id": "8af0b93a-2552-46db-972d-60f33e20006b", "ProjectName": "Dior"}
{"Id": "18e3ec33-c011-4c42-ba76-ca0f207d0ada", "ProjectName": "Dior", "ProductUrl": "https://www.dior.com/fr_fr/products/couture-M0565OJAI_M884-sac-lady-d-lite-medium-broderie-tie-and-dior-multicolore", "ProductName": "Sac Lady D-Lite MediumBroderie Tie & Dior multicolore", "Price": "3\u202f900,00\u00a0\u20ac"}
{"Id": "cb048e99-126a-42a0-8a58-769715de7e93", "ProjectName": "Dior", "ProductUrl": "https://www.dior.com/fr_fr/products/couture-M0565OREY_M950-sac-lady-d-lite-medium-broderie-cannage-gris", "ProductName": "Sac Lady D-Lite MediumBroderie Cannage gris", "Price": "3\u202f600,00\u00a0\u20ac"}
{"Id": "37b43f66-9a2d-4f6e-b96e-cc6c235bdb5e", "ProjectName": "Dior", "ProductUrl": "https://www.dior.com/fr_fr/products/couture-M0565OREY_M989-sac-lady-d-lite-medium-broderie-cannage-noir", "ProductName": "Sac Lady D-Lite MediumBroderie Cannage noir", "Price": "3\u202f600,00\u00a0\u20ac"}
{"Id": "da28b781-d466-4276-9154-56048d08f63f", "ProjectName": "Dior", "ProductUrl": "https://www.dior.com/fr_fr/products/couture-M0538OCAL_M900-sac-lady-dior-my%C2%A0abcdior-cuir-d-agneau-cannage-noir", "ProductName": "Sac Lady Dior My\u00a0ABCDiorCuir d'agneau Cannage noir", "Price": "3\u202f500,00\u00a0\u20ac"}
{"Id": "88dd55ee-a27f-4195-8f32-7fe6d0a79937", "ProjectName": "Dior", "ProductUrl": "https://www.dior.com/fr_fr/products/couture-M0538OCEA_M39U-sac-lady-dior-my-abcdior-cuir-d-agneau-cannage-couleur-corde", "ProductName": "Sac Lady Dior My ABCDiorCuir d'agneau Cannage couleur corde", "Price": "3\u202f600,00\u00a0\u20ac"}
{"Id": "c4609ba3-1b04-469f-b9ca-eba06407f227", "ProjectName": "Dior", "ProductUrl": "https://www.dior.com/fr_fr/products/couture-M0538OCEA_M81B-sac-lady-dior-my-abcdior-cuir-d-agneau-cannage-couleur-cloud-blue", "ProductName": "Sac Lady Dior My ABCDiorCuir d'agneau Cannage couleur cloud blue", "Price": "3\u202f600,00\u00a0\u20ac"}
{"Id": "3bda5c3e-5267-44ac-949a-14fcf06a85a4", "ProjectName": "Dior", "ProductUrl": "https://www.dior.com/fr_fr/products/couture-M0538OCAL_M43M-sac-lady-dior-my-abcdior-cuir-d-agneau-cannage-couleur-dark-tan", "ProductName": "Sac Lady Dior My ABCDiorCuir d'agneau Cannage couleur dark tan", "Price": "3\u202f500,00\u00a0\u20ac"}
{"Id": "acb95365-758a-4fc6-be07-965c5389fbd5", "ProjectName": "Dior", "ProductUrl": "https://www.dior.com/fr_fr/products/couture-M0538OCEA_M59H-sac-lady-dior-my-abcdior-cuir-d-agneau-cannage-vert-menthe", "ProductName": "Sac Lady Dior My ABCDiorCuir d'agneau Cannage vert menthe", "Price": "3\u202f600,00\u00a0\u20ac"}
{"Id": "473c6c92-412e-49f0-868c-e07805e37ffb", "ProjectName": "Dior", "ProductUrl": "https://www.dior.com/fr_fr/products/couture-M0505OWCB_M900-sac-lady-dior-mini-cuir-de-veau-cannage-verni-noir", "ProductName": "Sac Lady Dior MiniCuir de veau Cannage verni noir", "Price": "3\u202f200,00\u00a0\u20ac"}
{"Id": "b53b9428-a732-4eca-87bd-7dba7d208dff", "ProjectName": "Dior", "ProductUrl": "https://www.dior.com/fr_fr/products/couture-M0565ONGE_M900-sac-lady-dior-medium-cuir-d-agneau-cannage-noir", "ProductName": "Sac Lady Dior MediumCuir d'agneau Cannage noir", "Price": "3\u202f900,00\u00a0\u20ac"}
{"Id": "331670db-f515-4a3c-b992-5c19b4f6fdf7", "ProjectName": "Dior"}
{"Id": "0ee50de1-5f0f-405d-9fed-06eaaf317add", "ProjectName": "Dior", "ProductUrl": "https://www.dior.com/fr_fr/products/couture-M1296ZTDT_M808-sac-dior-book-tote-small-brode-du-motif-toile-de-jouy-bleu", "ProductName": "Sac Dior Book Tote SmallBrod\u00e9 du motif Toile de Jouy bleu", "Price": "2\u202f400,00\u00a0\u20ac"}
{"Id": "e99da008-3f70-46c2-bd8e-72eb1e45e364", "ProjectName": "Dior", "ProductUrl": "https://www.dior.com/fr_fr/products/couture-M1296ZTDT_M932-sac-dior-book-tote-small-dioriviera-broderie-toile-de-jouy-grise", "ProductName": "Sac Dior Book Tote Small DiorivieraBroderie Toile de Jouy grise", "Price": "2\u202f400,00\u00a0\u20ac"}
{"Id": "21cd8a41-b3cd-403b-8511-87f5b95c2642", "ProjectName": "Dior", "ProductUrl": "https://www.dior.com/fr_fr/products/couture-M1296ZTDT_M956-sac-dior-book-tote-small-broderie-toile-de-jouy-rose", "ProductName": "Sac Dior Book Tote SmallBroderie Toile de Jouy rose", "Price": "2\u202f400,00\u00a0\u20ac"}
{"Id": "ef1fbaba-4656-4292-9a0b-c5a5874cb9f0", "ProjectName": "Dior", "ProductUrl": "https://www.dior.com/fr_fr/products/couture-M1296ZGSB_M81B-sac-dior-book-tote-small-cuir-de-veau-lisse-couleur-cloud-blue", "ProductName": "Sac Dior Book Tote SmallCuir de veau lisse couleur cloud blue", "Price": "2\u202f200,00\u00a0\u20ac"}
{"Id": "6de8d38f-bbdf-488c-9d8e-7d0cd7184e0c", "ProjectName": "Dior", "ProductUrl": "https://www.dior.com/fr_fr/products/couture-M1296ZGSB_M49P-sac-dior-book-tote-small-cuir-de-veau-couleur-rose-des-vents", "ProductName": "Sac Dior Book Tote SmallCuir de veau couleur rose des vents", "Price": "2\u202f200,00\u00a0\u20ac"}
{"Id": "211293e1-96af-4453-b37b-330f5343cd0d", "ProjectName": "Dior", "ProductUrl": "https://www.dior.com/fr_fr/products/couture-M1296ZRFS_M885-sac-dior-book-tote-small-broderie-rosa-mutabilis-multicolore", "ProductName": "Sac Dior Book Tote SmallBroderie Rosa Mutabilis multicolore", "Price": "2\u202f200,00\u00a0\u20ac"}
{"Id": "cfb3d857-30ec-4f38-ad7a-6741f50939fd", "ProjectName": "Dior"}
{"Id": "9b7f1304-a741-4d53-aa82-62280c4310c5", "ProjectName": "Dior", "ProductUrl": "https://www.dior.com/fr_fr/products/couture-M9320UMOB_M925-sac-dior-bobby-large-cuir-de-veau-box-couleur-corde-et-bandouliere-brodee-dior-oblique-bleu", "ProductName": "Sac Dior Bobby LargeCuir de veau box couleur corde et bandouli\u00e8re brod\u00e9e Dior Oblique bleu", "Price": "3\u202f300,00\u00a0\u20ac"}
{"Id": "8ad0c1e0-b573-4672-a828-53512cb7f934", "ProjectName": "Dior", "ProductUrl": "https://www.dior.com/fr_fr/products/couture-M9320UMOB_M911-sac-dior-bobby-large-cuir-de-veau-box-noir-et-bandouliere-brodee-dior-oblique-bleu", "ProductName": "Sac Dior Bobby LargeCuir de veau box noir et bandouli\u00e8re brod\u00e9e Dior Oblique bleu", "Price": "3\u202f300,00\u00a0\u20ac"}
{"Id": "099f0825-c146-4c70-8142-5a478884573b", "ProjectName": "Dior", "ProductUrl": "https://www.dior.com/fr_fr/products/couture-M9319UMOL_M900-sac-dior-bobby-medium-cuir-de-veau-box-noir", "ProductName": "Sac Dior Bobby MediumCuir de veau box noir", "Price": "2\u202f900,00\u00a0\u20ac"}
{"Id": "8c20f4c8-a918-45e8-b514-a31c16f0c6eb", "ProjectName": "Dior", "ProductUrl": "https://www.dior.com/fr_fr/products/couture-M9319UMOL_M39U-sac-dior-bobby-medium-cuir-de-veau-box-couleur-corde", "ProductName": "Sac Dior Bobby MediumCuir de veau box couleur corde", "Price": "2\u202f900,00\u00a0\u20ac"}
{"Id": "ca4c39e5-1d05-4bb0-ac39-dc9346bf8068", "ProjectName": "Dior", "ProductUrl": "https://www.dior.com/fr_fr/products/couture-M9319UMOL_M81B-sac-dior-bobby-medium-cuir-de-veau-box-couleur-cloud-blue", "ProductName": "Sac Dior Bobby MediumCuir de veau box couleur cloud blue", "Price": "2\u202f900,00\u00a0\u20ac"}
{"Id": "b0e18eca-761e-46f2-aeee-01a97c9c1433", "ProjectName": "Dior", "ProductUrl": "https://www.dior.com/fr_fr/products/couture-M9319UMOL_M59H-sac-dior-bobby-medium-cuir-de-veau-box-vert-menthe", "ProductName": "Sac Dior Bobby MediumCuir de veau box vert menthe", "Price": "2\u202f900,00\u00a0\u20ac"}
{"Id": "1ae1e789-fc5f-4461-8da6-7056fdfd5b35", "ProjectName": "Dior", "ProductUrl": "https://www.dior.com/fr_fr/products/couture-M9319UMOL_M41G-sac-dior-bobby-medium-cuir-de-veau-box-gris", "ProductName": "Sac Dior Bobby MediumCuir de veau box gris", "Price": "2\u202f900,00\u00a0\u20ac"}
{"Id": "b75ba386-cf26-4c25-92bb-486a44b3bcef", "ProjectName": "Dior", "ProductUrl": "https://www.dior.com/fr_fr/products/couture-M9319UMOL_M43M-sac-dior-bobby-medium-cuir-de-veau-box-couleur-dark-tan", "ProductName": "Sac Dior Bobby MediumCuir de veau box couleur dark tan", "Price": "2\u202f900,00\u00a0\u20ac"}
{"Id": "b21c5da8-23ef-4356-9e27-9e2cd13153df", "ProjectName": "Dior", "ProductUrl": "https://www.dior.com/fr_fr/products/couture-M9319UMOL_M030-sac-dior-bobby-medium-cuir-de-veau-box-couleur-latte", "ProductName": "Sac Dior Bobby MediumCuir de veau box couleur latte", "Price": "2\u202f900,00\u00a0\u20ac"}
{"Id": "6ffe0747-3186-48c6-8537-d0a0be8ca6c8", "ProjectName": "Dior", "ProductUrl": "https://www.dior.com/fr_fr/products/couture-M9317UMOL_M900-sac-dior-bobby-small-cuir-de-veau-box-noir", "ProductName": "Sac Dior Bobby SmallCuir de veau box noir", "Price": "2\u202f600,00\u00a0\u20ac"}
{"Id": "c8f63bff-451c-4a72-85f1-7209872975b9", "ProjectName": "Dior", "ProductUrl": "https://www.dior.com/fr_fr/products/couture-M9317UMOL_M41G-sac-dior-bobby-small-cuir-de-veau-box-gris", "ProductName": "Sac Dior Bobby SmallCuir de veau box gris", "Price": "2\u202f600,00\u00a0\u20ac"}
{"Id": "db886cce-d752-429f-9dcc-a78ce230cfd0", "ProjectName": "Dior", "ProductUrl": "https://www.dior.com/fr_fr/products/couture-M9317UMOL_M81B-sac-dior-bobby-small-cuir-de-veau-box-couleur-cloud-blue", "ProductName": "Sac Dior Bobby SmallCuir de veau box couleur cloud blue", "Price": "2\u202f600,00\u00a0\u20ac"}
{"Id": "66d61420-0b62-4cac-82c4-1c2e0a8c0e24", "ProjectName": "Dior", "ProductUrl": "https://www.dior.com/fr_fr/products/couture-M9319UBAX_M900-sac-dior-bobby-medium-cuir-de-veau-graine-noir-avec-coutures-tressees", "ProductName": "Sac Dior Bobby MediumCuir de veau grain\u00e9 noir avec coutures tress\u00e9es", "Price": "3\u202f800,00\u00a0\u20ac"}
{"Id": "5d008a2e-5403-4175-9349-480049316bbb", "ProjectName": "Dior", "ProductUrl": "https://www.dior.com/fr_fr/products/couture-M9319UBAX_M030-sac-dior-bobby-medium-cuir-de-veau-graine-couleur-latte-avec-coutures-tressees", "ProductName": "Sac Dior Bobby MediumCuir de veau grain\u00e9 couleur latte avec coutures tress\u00e9es", "Price": "3\u202f800,00\u00a0\u20ac"}
{"Id": "21b84aac-257b-4422-9269-e5b148f62b51", "ProjectName": "Dior", "ProductUrl": "https://www.dior.com/fr_fr/products/couture-M9319UTZQ_M928-sac-dior-bobby-medium-toile-jacquard-dior-oblique-bleu", "ProductName": "Sac Dior Bobby MediumToile jacquard Dior Oblique bleu", "Price": "2\u202f900,00\u00a0\u20ac"}
{"Id": "768d2861-9efc-4d54-9127-315cee4d8656", "ProjectName": "Dior", "ProductUrl": "https://www.dior.com/fr_fr/products/couture-M9319UTZQ_M747-sac-dior-bobby-medium-toile-jacquard-dior-oblique-marron", "ProductName": "Sac Dior Bobby MediumToile jacquard Dior Oblique marron", "Price": "2\u202f900,00\u00a0\u20ac"}
{"Id": "3d9e4479-db55-413e-bf29-53cb04c480f0", "ProjectName": "Dior", "ProductUrl": "https://www.dior.com/fr_fr/products/couture-M9319UMMN_M936-sac-dior-bobby-medium-peau-lainee-de-mouton-grise", "ProductName": "Sac Dior Bobby MediumPeau lain\u00e9e de mouton grise", "Price": "3\u202f400,00\u00a0\u20ac"}
{"Id": "e6fb3588-98f5-49d3-8dfa-cbd3c384ef28", "ProjectName": "Dior", "ProductUrl": "https://www.dior.com/fr_fr/products/couture-M9319UMMN_M925-sac-dior-bobby-medium-peau-lainee-de-mouton-camel", "ProductName": "Sac Dior Bobby MediumPeau lain\u00e9e de mouton camel", "Price": "3\u202f400,00\u00a0\u20ac"}
{"Id": "35be2624-5aa2-488c-809d-2097e2d5c5dc", "ProjectName": "Dior", "ProductUrl": "https://www.dior.com/fr_fr/products/couture-M9317UMMN_M918-sac-dior-bobby-small-peau-lainee-de-mouton-beige", "ProductName": "Sac Dior Bobby SmallPeau lain\u00e9e de mouton beige", "Price": "3\u202f000,00\u00a0\u20ac"}
{"Id": "aa700dc8-4a0c-463a-b454-619d3250b465", "ProjectName": "Dior", "ProductUrl": "https://www.dior.com/fr_fr/products/couture-M0446CMMK_M925-sac-saddle-peau-lainee-de-mouton-couleur-camel", "ProductName": "Sac SaddlePeau lain\u00e9e de mouton couleur camel", "Price": "3\u202f200,00\u00a0\u20ac"}
{"Id": "4d62f811-aeff-49c5-842d-d119a8c89578", "ProjectName": "Dior"}
{"Id": "039324a6-8bbe-4409-87bf-b7ddbd1db004", "ProjectName": "Dior", "ProductUrl": "https://www.dior.com/fr_fr/products/couture-M0446CMTY_M932-sac-saddle-mouton-craquele-gris", "ProductName": "Sac SaddleMouton craquel\u00e9 gris", "Price": "3\u202f200,00\u00a0\u20ac"}
{"Id": "8a876bad-3d31-425d-8b41-df34dfdea2dd", "ProjectName": "Dior", "ProductUrl": "https://www.dior.com/fr_fr/products/couture-M0446CCEH_M39U-sac-saddle-cuir-de-chevre-brillant-couleur-corde", "ProductName": "Sac SaddleCuir de ch\u00e8vre brillant couleur corde", "Price": "2\u202f600,00\u00a0\u20ac"}
{"Id": "8f5b75e2-7883-4eb2-96ef-6b767b779c1f", "ProjectName": "Dior", "ProductUrl": "https://www.dior.com/fr_fr/products/couture-M0447CCEH_M59H-sac-saddle-mini-cuir-de-chevre-brillant-vert-menthe", "ProductName": "Sac Saddle MiniCuir de ch\u00e8vre brillant vert menthe", "Price": "2\u202f100,00\u00a0\u20ac"}
{"Id": "620f9125-aa04-4ac7-8b7a-372ba4497167", "ProjectName": "Dior", "ProductUrl": "https://www.dior.com/fr_fr/products/couture-M9204UMOA_M991-sac-box-30-montaigne-cuir-de-veau-box-couleur-cloud-blue", "ProductName": "Sac box 30 MontaigneCuir de veau box couleur cloud blue", "Price": "2\u202f700,00\u00a0\u20ac"}
{"Id": "c53181a2-ba50-4d92-b5b1-6ce6381ae3ad", "ProjectName": "Dior", "ProductUrl": "https://www.dior.com/fr_fr/products/couture-M9204UMOA_M66E-sac-box-30-montaigne-cuir-de-veau-box-vert-menthe", "ProductName": "Sac box 30 MontaigneCuir de veau box vert menthe", "Price": "2\u202f700,00\u00a0\u20ac"}
{"Id": "56a9111f-885b-4b5d-9f43-6b7fe1b29579", "ProjectName": "Dior", "ProductUrl": "https://www.dior.com/fr_fr/products/couture-M9204UMOS_M49P-sac-box-30-montaigne-cuir-de-veau-box-couleur-rose-des-vents", "ProductName": "Sac box 30 MontaigneCuir de veau box couleur rose des vents", "Price": "2\u202f600,00\u00a0\u20ac"}
{"Id": "ab68719f-160a-4575-87a1-41e893ce21ef", "ProjectName": "Dior"}
{"Id": "cc809bb7-a883-4981-9565-b3da8da03b8e", "ProjectName": "Dior", "ProductUrl": "https://www.dior.com/fr_fr/products/couture-M0565OWVP_M928-sac-lady-d-lite-medium-velours-brode-du-motif-cannage-bleu", "ProductName": "Sac Lady D-Lite MediumVelours brod\u00e9 du motif Cannage bleu", "Price": "3\u202f900,00\u00a0\u20ac"}
{"Id": "5574fa71-2d91-4bea-aee5-3841439a1b92", "ProjectName": "Dior", "ProductUrl": "https://www.dior.com/fr_fr/products/couture-M0565OWVP_M974-sac-lady-d-lite-medium-velours-brode-du-motif-cannage-bordeaux", "ProductName": "Sac Lady D-Lite MediumVelours brod\u00e9 du motif Cannage bordeaux", "Price": "3\u202f900,00\u00a0\u20ac"}
{"Id": "e32237cf-5fc6-4e6b-84a6-8de6b2478551", "ProjectName": "Dior", "ProductUrl": "https://www.dior.com/fr_fr/products/couture-M0565SLOI_M989-sac-lady-dior-medium-cuir-de-veau-cannage-ultramatte-noir", "ProductName": "Sac Lady Dior MediumCuir de veau Cannage ultramatte noir", "Price": "4\u202f100,00\u00a0\u20ac"}
{"Id": "f1c70911-9030-4d96-8f72-f1a1dbacf876", "ProjectName": "Dior", "ProductUrl": "https://www.dior.com/fr_fr/products/couture-M0538SLOI_M989-sac-lady-dior-my-abcdior-cuir-de-veau-cannage-ultramatte-noir", "ProductName": "Sac Lady Dior My ABCDiorCuir de veau Cannage ultramatte noir", "Price": "3\u202f700,00\u00a0\u20ac"}
{"Id": "877777b8-4eb0-48f6-b499-decc03b0e2e3", "ProjectName": "Dior", "ProductUrl": "https://www.dior.com/fr_fr/products/couture-M0538ILOI_M41G-sac-lady-dior-my-abcdior-cuir-de-veau-cannage-ultramatte-gris", "ProductName": "Sac Lady Dior My ABCDiorCuir de veau Cannage ultramatte gris", "Price": "3\u202f700,00\u00a0\u20ac"}
{"Id": "75ca8408-3a83-4e1a-8f80-d9cc8a612862", "ProjectName": "Dior", "ProductUrl": "https://www.dior.com/fr_fr/products/couture-M0538ILOI_M50P-sac-lady-dior-my-abcdior-cuir-de-veau-cannage-ultramatte-fard", "ProductName": "Sac Lady Dior My ABCDiorCuir de veau Cannage ultramatte fard", "Price": "3\u202f700,00\u00a0\u20ac"}
{"Id": "cb2f9e73-51e8-46e5-954b-6d29959fa900", "ProjectName": "Dior"}
{"Id": "fd279bf8-9d9e-4a48-aa07-62c99cdae45c", "ProjectName": "Dior", "ProductUrl": "https://www.dior.com/fr_fr/products/couture-M9204SBAV_M989-sac-box-30-montaigne-cuir-de-veau-graine-ultramatte-noir", "ProductName": "Sac box 30 MontaigneCuir de veau grain\u00e9 ultramatte noir", "Price": "2\u202f800,00\u00a0\u20ac"}
{"Id": "2132c53e-8166-40b6-822c-0c7eaf180b91", "ProjectName": "Dior", "ProductUrl": "https://www.dior.com/fr_fr/products/couture-M9204UMOS_M911-sac-box-30-montaigne-cuir-de-veau-box-noir", "ProductName": "Sac box 30 MontaigneCuir de veau box noir", "Price": "2\u202f600,00\u00a0\u20ac"}
{"Id": "8ec7dc29-bc4b-461b-8f61-69ef33929749", "ProjectName": "Dior", "ProductUrl": "https://www.dior.com/fr_fr/products/couture-M9204UMOS_M49E-sac-box-30-montaigne-cuir-de-veau-box-bleu-denim", "ProductName": "Sac box 30 MontaigneCuir de veau box bleu denim", "Price": "2\u202f600,00\u00a0\u20ac"}
{"Id": "6b564933-0b78-4652-86ad-370c3b61e328", "ProjectName": "Dior", "ProductUrl": "https://www.dior.com/fr_fr/products/couture-M9204UTZQ_M928-sac-box-30-montaigne-toile-jacquard-dior-oblique-bleu", "ProductName": "Sac box 30 MontaigneToile jacquard Dior Oblique bleu", "Price": "2\u202f600,00\u00a0\u20ac"}
{"Id": "f1fd5231-8081-43c5-80e0-f0bc3f0b1792", "ProjectName": "Dior", "ProductUrl": "https://www.dior.com/fr_fr/products/couture-M9208UTZQ_M928-sac-chaine-30-montaigne-toile-jacquard-dior-oblique-bleu", "ProductName": "Sac cha\u00eene 30 MontaigneToile jacquard Dior Oblique bleu", "Price": "2\u202f900,00\u00a0\u20ac"}
{"Id": "a4dc4099-19af-4957-a5e4-443656b49724", "ProjectName": "Dior", "ProductUrl": "https://www.dior.com/fr_fr/products/couture-M9203UTZQ_M928-sac-30-montaigne-toile-jacquard-dior-oblique-bleu", "ProductName": "Sac 30 MontaigneToile jacquard Dior Oblique bleu", "Price": "2\u202f900,00\u00a0\u20ac"}
{"Id": "724d4e47-868d-4948-9b73-5ed91401981b", "ProjectName": "Dior", "ProductUrl": "https://www.dior.com/fr_fr/products/couture-M9203UMOA_M925-sac-30-montaigne-cuir-de-veau-box-couleur-corde", "ProductName": "Sac 30 MontaigneCuir de veau box couleur corde", "Price": "3\u202f000,00\u00a0\u20ac"}
{"Id": "9d292f89-dad5-4f1d-9cf7-5cccc29ce80f", "ProjectName": "Dior", "ProductUrl": "https://www.dior.com/fr_fr/products/couture-M9208OWBH_M900-sac-chaine-30-montaigne-cuir-de-veau-graine-noir", "ProductName": "Sac cha\u00eene 30 MontaigneCuir de veau grain\u00e9 noir", "Price": "2\u202f900,00\u00a0\u20ac"}
{"Id": "8b8b909d-7f81-443b-853f-478de8c42c37", "ProjectName": "Dior", "ProductUrl": "https://www.dior.com/fr_fr/products/couture-M9208OSKC_M30L-sac-chaine-30-montaigne-cuir-de-veau-microcannage-metallise-couleur-platine", "ProductName": "Sac cha\u00eene 30 MontaigneCuir de veau Microcannage m\u00e9tallis\u00e9 couleur platine", "Price": "3\u202f100,00\u00a0\u20ac"}
{"Id": "5abc9976-2e85-498f-8d6c-4fadf719fac9", "ProjectName": "Dior", "ProductUrl": "https://www.dior.com/fr_fr/products/couture-M9203UMOS_M911-sac-30-montaigne-cuir-de-veau-box-noir", "ProductName": "Sac 30 MontaigneCuir de veau box noir", "Price": "2\u202f900,00\u00a0\u20ac"}
{"Id": "c17209c7-06b4-4be3-bdec-8b11b7119d4a", "ProjectName": "Dior", "ProductUrl": "https://www.dior.com/fr_fr/products/couture-M9203UMOS_M53E-sac-30-montaigne-cuir-de-veau-box-couleur-dark-tan", "ProductName": "Sac 30 MontaigneCuir de veau box couleur dark tan", "Price": "2\u202f900,00\u00a0\u20ac"}
{"Id": "29c50da2-b5fb-4a39-9ec0-d3e038af8c08", "ProjectName": "Dior", "ProductUrl": "https://www.dior.com/fr_fr/products/couture-M9203UMOS_M94B-sac-30-montaigne-cuir-de-veau-box-couleur-denim-fonce", "ProductName": "Sac 30 MontaigneCuir de veau box couleur denim fonc\u00e9", "Price": "2\u202f900,00\u00a0\u20ac"}
{"Id": "5ace2f54-bf61-4ae5-b3b2-456958f3fdb1", "ProjectName": "Dior"}
{"Id": "0d098bec-07c3-491f-acf5-9403bd785d87", "ProjectName": "Dior", "ProductUrl": "https://www.dior.com/fr_fr/products/couture-M9306UBAE_M030-tote-st-honore-large-cuir-de-veau-graine-couleur-latte", "ProductName": "Tote St Honor\u00e9 LargeCuir de veau grain\u00e9 couleur latte", "Price": "3\u202f700,00\u00a0\u20ac"}
{"Id": "acea0100-ec24-4da9-b66b-8d67502ddb79", "ProjectName": "Dior", "ProductUrl": "https://www.dior.com/fr_fr/products/couture-M9306UBAE_M900-tote-st-honore-large-cuir-de-veau-graine-noir", "ProductName": "Tote St Honor\u00e9 LargeCuir de veau grain\u00e9 noir", "Price": "3\u202f700,00\u00a0\u20ac"}
{"Id": "7fe8603c-6185-444e-8ac8-27c54fb9e5d4", "ProjectName": "Dior", "ProductUrl": "https://www.dior.com/fr_fr/products/couture-M9306UBAE_M41G-tote-st-honore-large-cuir-de-veau-graine-gris", "ProductName": "Tote St Honor\u00e9 LargeCuir de veau grain\u00e9 gris", "Price": "3\u202f700,00\u00a0\u20ac"}
{"Id": "a8270395-287c-4313-b5f5-805d0c10b6da", "ProjectName": "Dior", "ProductUrl": "https://www.dior.com/fr_fr/products/couture-M9306UBAE_M94B-tote-st-honore-large-cuir-de-veau-graine-couleur-denim-fonce", "ProductName": "Tote St Honor\u00e9 LargeCuir de veau grain\u00e9 couleur denim fonc\u00e9", "Price": "3\u202f700,00\u00a0\u20ac"}
{"Id": "3ce246f7-49c4-4ba7-8ffc-6a9a1d03577a", "ProjectName": "Dior", "ProductUrl": "https://www.dior.com/fr_fr/products/couture-M9321UMBA_M925-tote-st-honore-medium-cuir-de-veau-graine-couleur-corde", "ProductName": "Tote St Honor\u00e9 MediumCuir de veau grain\u00e9 couleur corde", "Price": "3\u202f400,00\u00a0\u20ac"}
{"Id": "5591e4c6-1348-41de-95f6-fcec4527cd60", "ProjectName": "Dior", "ProductUrl": "https://www.dior.com/fr_fr/products/couture-M9321UMBA_M991-tote-st-honore-medium-cuir-de-veau-graine-couleur-cloud-blue", "ProductName": "Tote St Honor\u00e9 MediumCuir de veau grain\u00e9 couleur cloud blue", "Price": "3\u202f400,00\u00a0\u20ac"}
{"Id": "a6988288-1b23-4ff0-a506-cfa6ccd84d49", "ProjectName": "Dior", "ProductUrl": "https://www.dior.com/fr_fr/products/couture-M9321UMBA_M941-tote-st-honore-medium-cuir-de-veau-graine-couleur-latte", "ProductName": "Tote St Honor\u00e9 MediumCuir de veau grain\u00e9 couleur latte", "Price": "3\u202f400,00\u00a0\u20ac"}
{"Id": "090e2488-81bc-4670-9750-0bd547c0e4a7", "ProjectName": "Dior", "ProductUrl": "https://www.dior.com/fr_fr/products/couture-M0565ORLK_M20A-sac-lady-d-lite-medium-broderie-cannage-en-fil-metallise-couleur-platine", "ProductName": "Sac Lady D-Lite MediumBroderie Cannage en fil m\u00e9tallis\u00e9 couleur platine", "Price": "3\u202f700,00\u00a0\u20ac"}
{"Id": "2346025d-0197-4ff5-b081-bc1e3849ca4b", "ProjectName": "Dior", "ProductUrl": "https://www.dior.com/fr_fr/products/couture-M0565OREY_M49E-sac-lady-d-lite-medium-broderie-cannage-bleu-denim", "ProductName": "Sac Lady D-Lite MediumBroderie Cannage bleu denim", "Price": "3\u202f600,00\u00a0\u20ac"}
{"Id": "f25dc389-d50b-42e3-a2e7-efaa06f47ed9", "ProjectName": "Dior", "ProductUrl": "https://www.dior.com/fr_fr/products/couture-M1296ZREY_M49E-sac-dior-book-tote-small-broderie-cannage-bleu-denim", "ProductName": "Sac Dior Book Tote SmallBroderie Cannage bleu denim", "Price": "2\u202f200,00\u00a0\u20ac"}
{"Id": "89ee6f1f-ee70-4902-8fb1-7844b0daf528", "ProjectName": "Dior"}
{"Id": "c8a78dc2-cd18-49b3-bbac-a6299b49be5d", "ProjectName": "Dior", "ProductUrl": "https://www.dior.com/fr_fr/products/couture-M0446CWVF_M928-sac-saddle-velours-brode-dior-oblique-bleu", "ProductName": "Sac SaddleVelours brod\u00e9 Dior Oblique bleu", "Price": "3\u202f200,00\u00a0\u20ac"}
{"Id": "eb303876-0249-4711-ad83-e53786d04f0d", "ProjectName": "Dior", "ProductUrl": "https://www.dior.com/fr_fr/products/couture-M0446CWVF_M974-sac-saddle-velours-brode-dior-oblique-bordeaux", "ProductName": "Sac SaddleVelours brod\u00e9 Dior Oblique bordeaux", "Price": "3\u202f200,00\u00a0\u20ac"}
{"Id": "42150b48-ea44-454e-b8b9-9fbd63d43dc5", "ProjectName": "Dior", "ProductUrl": "https://www.dior.com/fr_fr/products/couture-M0446CWVF_M747-sac-saddle-velours-brode-dior-oblique-marron", "ProductName": "Sac SaddleVelours brod\u00e9 Dior Oblique marron", "Price": "3\u202f200,00\u00a0\u20ac"}
{"Id": "1d63a02c-22dd-43e9-88bb-b5aa76e13db4", "ProjectName": "Dior", "ProductUrl": "https://www.dior.com/fr_fr/products/couture-M0446CCEH_M900-sac-saddle-cuir-de-chevre-brillant-noir", "ProductName": "Sac SaddleCuir de ch\u00e8vre brillant noir", "Price": "2\u202f600,00\u00a0\u20ac"}
{"Id": "bfa9f348-6d76-45db-83d6-197ec15755b9", "ProjectName": "Dior", "ProductUrl": "https://www.dior.com/fr_fr/products/couture-M0446CCEH_M90B-sac-saddle-cuir-de-chevre-brillant-bleu-denim", "ProductName": "Sac SaddleCuir de ch\u00e8vre brillant bleu denim", "Price": "2\u202f600,00\u00a0\u20ac"}
{"Id": "007a2fe4-67a9-45a3-b129-03528482c875", "ProjectName": "Dior", "ProductUrl": "https://www.dior.com/fr_fr/products/couture-M0446CCEH_M94B-sac-saddle-cuir-de-chevre-brillant-couleur-denim-fonce", "ProductName": "Sac SaddleCuir de ch\u00e8vre brillant couleur denim fonc\u00e9", "Price": "2\u202f600,00\u00a0\u20ac"}
{"Id": "82156947-2d8c-423b-9d00-9e0914eae4f9", "ProjectName": "Dior", "ProductUrl": "https://www.dior.com/fr_fr/products/couture-M447SCUCS_M900-sac-saddle-mini-velours-noir", "ProductName": "Sac Saddle MiniVelours noir", "Price": "2\u202f300,00\u00a0\u20ac"}
{"Id": "2ed6fb8c-d496-4601-ad19-ea46ea90a193", "ProjectName": "Dior", "ProductUrl": "https://www.dior.com/fr_fr/products/couture-M447SCUCS_M30L-sac-saddle-mini-velours-couleur-platine", "ProductName": "Sac Saddle MiniVelours couleur platine", "Price": "2\u202f300,00\u00a0\u20ac"}
{"Id": "c3c1ca2a-a607-4320-87a8-df6c488cb473", "ProjectName": "Dior", "ProductUrl": "https://www.dior.com/fr_fr/products/couture-M447SCUCS_M54P-sac-saddle-mini-velours-rose", "ProductName": "Sac Saddle MiniVelours rose", "Price": "2\u202f300,00\u00a0\u20ac"}
{"Id": "d9f46ccc-b04a-470d-8930-62e7f25e446a", "ProjectName": "Dior", "ProductUrl": "https://www.dior.com/fr_fr/products/couture-M0446CTZQ_M928-sac-saddle-toile-jacquard-dior-oblique-bleu", "ProductName": "Sac SaddleToile jacquard Dior Oblique bleu", "Price": "2\u202f600,00\u00a0\u20ac"}
{"Id": "5d7db51e-9c97-46cd-99f3-51a6fbc31f63", "ProjectName": "Dior", "ProductUrl": "https://www.dior.com/fr_fr/products/couture-M0446CTZQ_M747-sac-saddle-toile-jacquard-dior-oblique-marron", "ProductName": "Sac SaddleToile Jacquard Dior Oblique marron", "Price": "2\u202f600,00\u00a0\u20ac"}
{"Id": "7f6d670d-c790-4bd5-a588-72bb233b8b57", "ProjectName": "Dior", "ProductUrl": "https://www.dior.com/fr_fr/products/couture-M0446CRIW_M928-sac-saddle-broderie-dior-oblique-bleu", "ProductName": "Sac SaddleBroderie Dior Oblique bleu", "Price": "2\u202f900,00\u00a0\u20ac"}
{"Id": "9585eec2-ebd5-4aa8-9fb3-f239967e176d", "ProjectName": "Dior", "ProductUrl": "https://www.dior.com/fr_fr/products/couture-M0446CATW_M941-sac-saddle-broderie-dior-around-the-world-bleu-multicolore", "ProductName": "Sac SaddleBroderie Dior Around The World bleu multicolore", "Price": "3\u202f100,00\u00a0\u20ac"}
{"Id": "45dbd11a-2209-421b-aa48-a9b7f38f4dcd", "ProjectName": "Dior", "ProductUrl": "https://www.dior.com/fr_fr/products/couture-M0446CTYE_M886-sac-saddle-broderie-tie-and-dior-bleu-multicolore", "ProductName": "Sac SaddleBroderie Tie & Dior bleu multicolore", "Price": "3\u202f000,00\u00a0\u20ac"}
{"Id": "ef0881b5-afc3-48f2-bee9-87aa95fe765d", "ProjectName": "Dior", "ProductUrl": "https://www.dior.com/fr_fr/products/couture-M0446CTYA_M884-sac-saddle-broderie-tie-and-dior-vert-multicolore", "ProductName": "Sac SaddleBroderie Tie & Dior vert multicolore", "Price": "3\u202f000,00\u00a0\u20ac"}
{"Id": "c81ca073-b0c1-40cd-9ce5-1b5afe52c198", "ProjectName": "Dior", "ProductUrl": "https://www.dior.com/fr_fr/products/couture-M0446SLLO_M989-sac-saddle-cuir-de-veau-ultramatte-noir", "ProductName": "Sac SaddleCuir de veau ultramatte noir", "Price": "2\u202f800,00\u00a0\u20ac"}
{"Id": "245092b0-cb3a-4f47-8b85-4ff857dfaf84", "ProjectName": "Dior"}
{"Id": "fe870b3a-308e-4f2f-91b6-0cbcc7b92b1c", "ProjectName": "Dior", "ProductUrl": "https://www.dior.com/fr_fr/products/couture-M0565OREY_M61E-sac-lady-d-lite-medium-broderie-cannage-couleur-denim-fonce", "ProductName": "Sac Lady D-Lite MediumBroderie Cannage couleur denim fonc\u00e9", "Price": "3\u202f600,00\u00a0\u20ac"}
{"Id": "be66efcc-fc36-4d25-8bcc-23ecbfb2405d", "ProjectName": "Dior", "ProductUrl": "https://www.dior.com/fr_fr/products/couture-M0565OREY_M326-sac-lady-d-lite-medium-broderie-cannage-couleur-mallow-rose", "ProductName": "Sac Lady D-Lite MediumBroderie Cannage couleur mallow rose", "Price": "3\u202f600,00\u00a0\u20ac"}
{"Id": "05cb1676-5998-45ae-bc1b-9254f97b41e6", "ProjectName": "Dior", "ProductUrl": "https://www.dior.com/fr_fr/products/couture-M0565PREY_M879-sac-lady-d-lite-medium-broderie-cannage-blanc", "ProductName": "Sac Lady D-Lite MediumBroderie Cannage blanc", "Price": "3\u202f600,00\u00a0\u20ac"}
{"Id": "5aeb1525-9320-4dc3-8170-535e806d9a2c", "ProjectName": "Dior", "ProductUrl": "https://www.dior.com/fr_fr/products/couture-M0565ONGE_M60P-sac-lady-dior-medium-cuir-d-agneau-cannage-couleur-mallow-rose", "ProductName": "Sac Lady Dior MediumCuir d'agneau Cannage couleur mallow rose", "Price": "3\u202f900,00\u00a0\u20ac"}
{"Id": "50c2cf7b-02c4-4f81-9e1f-e678554f00f5", "ProjectName": "Dior", "ProductUrl": "https://www.dior.com/fr_fr/products/couture-M0565ONGE_M94B-sac-lady-dior-medium-cuir-d-agneau-cannage-couleur-denim-fonce", "ProductName": "Sac Lady Dior MediumCuir d'agneau Cannage couleur denim fonc\u00e9", "Price": "3\u202f900,00\u00a0\u20ac"}
{"Id": "26f5671a-f4a7-4909-a92d-a1f91b994ed6", "ProjectName": "Dior", "ProductUrl": "https://www.dior.com/fr_fr/products/couture-M0565OTYL_M808-sac-lady-dior-medium-cuir-de-veau-brode-du-motif-toile-de-jouy-en-fils-et-perles-bleus", "ProductName": "Sac Lady Dior MediumCuir de veau brod\u00e9 du motif Toile de Jouy en fils et perles bleus", "Price": "5\u202f200,00\u00a0\u20ac"}
{"Id": "0d87f56d-372f-4178-ae8d-b4a67e4181a9", "ProjectName": "Dior", "ProductUrl": "https://www.dior.com/fr_fr/products/couture-M0566ONGE_M94B-sac-lady-dior-large-cuir-d-agneau-cannage-couleur-denim-fonce", "ProductName": "Sac Lady Dior LargeCuir d'agneau Cannage couleur denim fonc\u00e9", "Price": "4\u202f200,00\u00a0\u20ac"}
{"Id": "69ed1b92-c31c-40c1-93d3-e8e02097092c", "ProjectName": "Dior", "ProductUrl": "https://www.dior.com/fr_fr/products/couture-M0566UBAS_M900-sac-lady-dior-large-cuir-d-agneau-tresse-a-motif-cannage-noir", "ProductName": "Sac Lady Dior LargeCuir d'agneau tress\u00e9 \u00e0 motif Cannage noir", "Price": "5\u202f300,00\u00a0\u20ac"}
{"Id": "bd4ca7dd-0a18-49ca-a140-6a8e2409bf23", "ProjectName": "Dior", "ProductUrl": "https://www.dior.com/fr_fr/products/couture-M0565ORGE_M911-sac-lady-dior-medium-cuir-de-veau-brode-du-motif-cannage-en-fils-perles-et-miroirs-noirs", "ProductName": "Sac Lady Dior MediumCuir de veau brod\u00e9 du motif Cannage en fils, perles et miroirs noirs", "Price": "4\u202f800,00\u00a0\u20ac"}
{"Id": "999880b1-daa2-45b4-b94a-71e8dbfeb317", "ProjectName": "Dior", "ProductUrl": "https://www.dior.com/fr_fr/products/couture-M0505ORGS_M911-sac-lady-dior-mini-cuir-de-veau-velours-brode-de-strass-noirs", "ProductName": "Sac Lady Dior MiniCuir de veau velours brod\u00e9 de strass noirs", "Price": "4\u202f000,00\u00a0\u20ac"}
{"Id": "81c5337a-0961-41d4-8c4b-3aeedd1d8a61", "ProjectName": "Dior", "ProductUrl": "https://www.dior.com/fr_fr/products/couture-M0505ORDX_M911-sac-lady-dior-mini-cuir-de-veau-noir-brode-du-motif-cannage-en-perles-multicolores", "ProductName": "Sac Lady Dior MiniCuir de veau noir brod\u00e9 du motif Cannage en perles multicolores", "Price": "4\u202f000,00\u00a0\u20ac"}
{"Id": "04dbc1ed-8fe3-4cd3-b8f7-64c5c700cedc", "ProjectName": "Dior", "ProductUrl": "https://www.dior.com/fr_fr/products/couture-M0505OREJ_M971-sac-lady-dior-mini-cuir-de-veau-metallise-brode-du-motif-cannage-en-perles-couleur-platine", "ProductName": "Sac Lady Dior MiniCuir de veau m\u00e9tallis\u00e9 brod\u00e9 du motif Cannage en perles couleur platine", "Price": "3\u202f800,00\u00a0\u20ac"}
{"Id": "0f09b0d5-6c5f-4c79-8a59-700693d398c8", "ProjectName": "Dior", "ProductUrl": "https://www.dior.com/fr_fr/products/couture-M0505ORUM_M20E-sac-lady-dior-mini-cuir-de-veau-metallise-couleur-bronze-brode-de-fils-et-perles-ton-sur-ton", "ProductName": "Sac Lady Dior MiniCuir de veau m\u00e9tallis\u00e9 couleur bronze brod\u00e9 de fils et perles ton sur ton", "Price": "3\u202f800,00\u00a0\u20ac"}
{"Id": "8ca3e6d6-6db9-460e-80f0-7253105b7846", "ProjectName": "Dior", "ProductUrl": "https://www.dior.com/fr_fr/products/couture-M0505ORUH_M00E-sac-lady-dior-mini-cuir-de-veau-metallise-argent-brode-de-fils-et-perles-ton-sur-ton", "ProductName": "Sac Lady Dior MiniCuir de veau m\u00e9tallis\u00e9 argent brod\u00e9 de fils et perles ton sur ton", "Price": "3\u202f800,00\u00a0\u20ac"}
{"Id": "ace9a0c5-dfda-4fb2-b029-ee4e7a83ff3b", "ProjectName": "Dior", "ProductUrl": "https://www.dior.com/fr_fr/products/couture-M0505PCAL_M900-sac-lady-dior-mini-cuir-d-agneau-cannage-noir", "ProductName": "Sac Lady Dior MiniCuir d'agneau Cannage noir", "Price": "3\u202f200,00\u00a0\u20ac"}
{"Id": "f065cf9c-5197-4c34-92b0-a1b12dda716b", "ProjectName": "Dior", "ProductUrl": "https://www.dior.com/fr_fr/products/couture-M505SOUCG_M900-sac-lady-dior-mini-velours-cannage-noir", "ProductName": "Sac Lady Dior MiniVelours Cannage noir", "Price": "3\u202f200,00\u00a0\u20ac"}
{"Id": "da4960e8-d7e6-4db4-99e3-c1e2f7b4a26b", "ProjectName": "Dior", "ProductUrl": "https://www.dior.com/fr_fr/products/couture-M0505OTYG_M884-sac-lady-dior-mini-cuir-de-veau-imprime-tie-and-dior-vert-multicolore", "ProductName": "Sac Lady Dior MiniCuir de veau imprim\u00e9 Tie & Dior vert multicolore", "Price": "3\u202f500,00\u00a0\u20ac"}
{"Id": "1c3a9a08-885e-4b08-9788-efb1d8363c9b", "ProjectName": "Dior", "ProductUrl": "https://www.dior.com/fr_fr/products/couture-M0565PNGE_M900-sac-lady-dior-medium-cuir-d-agneau-cannage-noir", "ProductName": "Sac Lady Dior MediumCuir d'agneau Cannage noir", "Price": "3\u202f900,00\u00a0\u20ac"}
{"Id": "5947f7f7-a46b-496d-b3c6-c8a200d84485", "ProjectName": "Dior", "ProductUrl": "https://www.dior.com/fr_fr/products/couture-M0566SLOI_M989-sac-lady-dior-large-cuir-de-veau-cannage-ultramatte-noir", "ProductName": "Sac Lady Dior LargeCuir de veau Cannage ultramatte noir", "Price": "4\u202f400,00\u00a0\u20ac"}
{"Id": "73dc9655-9722-409b-b091-b2a1b6ec9913", "ProjectName": "Dior", "ProductUrl": "https://www.dior.com/fr_fr/products/couture-M0566ILOI_M41G-sac-lady-dior-large-cuir-de-veau-cannage-ultramatte-gris", "ProductName": "Sac Lady Dior LargeCuir de veau Cannage ultramatte gris", "Price": "4\u202f400,00\u00a0\u20ac"}
{"Id": "0388ae6f-2265-447c-b0ec-720ab1efae46", "ProjectName": "Dior", "ProductUrl": "https://www.dior.com/fr_fr/products/couture-M0565ILOI_M52H-sac-lady-dior-medium-cuir-de-veau-cannage-ultramatte-vert", "ProductName": "Sac Lady Dior MediumCuir de veau Cannage ultramatte vert", "Price": "4\u202f100,00\u00a0\u20ac"}
{"Id": "72ed24a4-b296-4fae-9bb1-eb2dcf476426", "ProjectName": "Dior", "ProductUrl": "https://www.dior.com/fr_fr/products/couture-M0565ILOI_M85B-sac-lady-dior-medium-cuir-de-veau-cannage-ultramatte-bleu-indigo", "ProductName": "Sac Lady Dior MediumCuir de veau Cannage ultramatte bleu indigo", "Price": "4\u202f100,00\u00a0\u20ac"}
{"Id": "1cbcec72-82a9-4dc8-8395-fac19b990536", "ProjectName": "Dior", "ProductUrl": "https://www.dior.com/fr_fr/products/couture-M0565ILOI_M52R-sac-lady-dior-medium-cuir-de-veau-cannage-ultramatte-rouge-cerise", "ProductName": "Sac Lady Dior MediumCuir de veau Cannage ultramatte rouge cerise", "Price": "4\u202f100,00\u00a0\u20ac"}
{"Id": "72f7a0c7-ddbb-4049-8d2c-7c4e12605ef2", "ProjectName": "Dior", "ProductUrl": "https://www.dior.com/fr_fr/products/couture-M0565ILOI_M50P-sac-lady-dior-medium-cuir-de-veau-cannage-ultramatte-couleur-fard", "ProductName": "Sac Lady Dior MediumCuir de veau Cannage ultramatte couleur fard", "Price": "4\u202f100,00\u00a0\u20ac"}
{"Id": "731a0691-ea79-4d21-bbbc-fd5825fe009c", "ProjectName": "Dior", "ProductUrl": "https://www.dior.com/fr_fr/products/couture-M0565ILOI_M030-sac-lady-dior-medium-cuir-de-veau-cannage-ultramatte-couleur-latte", "ProductName": "Sac Lady Dior MediumCuir de veau Cannage ultramatte couleur latte", "Price": "4\u202f100,00\u00a0\u20ac"}
{"Id": "bbc27cf3-07fc-49ff-9cd6-797d24b68089", "ProjectName": "Dior", "ProductUrl": "https://www.dior.com/fr_fr/products/couture-M0446ILLO_M030-sac-saddle-cuir-de-veau-ultramatte-couleur-latte", "ProductName": "Sac SaddleCuir de veau ultramatte couleur latte", "Price": "2\u202f800,00\u00a0\u20ac"}
{"Id": "4da83f2e-c569-474f-a731-ccb7de4deede", "ProjectName": "Dior", "ProductUrl": "https://www.dior.com/fr_fr/products/couture-M0446ILLO_M52R-sac-saddle-cuir-de-veau-ultramatte-rouge-cerise", "ProductName": "Sac SaddleCuir de veau ultramatte rouge cerise", "Price": "2\u202f800,00\u00a0\u20ac"}
{"Id": "618175e7-2797-4e15-aa1b-b731a86fbbc2", "ProjectName": "Dior", "ProductUrl": "https://www.dior.com/fr_fr/products/couture-M0447ILLO_M59P-sac-saddle-mini-cuir-de-veau-ultramatte-rose", "ProductName": "Sac Saddle MiniCuir de veau ultramatte rose", "Price": "2\u202f300,00\u00a0\u20ac"}
{"Id": "e5fc6310-451e-4e9b-9761-ef0c6a60cab0", "ProjectName": "Dior"}
{"Id": "82f28b8b-ce26-4842-9965-abcf587ab2b0", "ProjectName": "Dior", "ProductUrl": "https://www.dior.com/fr_fr/products/couture-M9203IBFK_M41G-sac-30-montaigne-cuir-de-veau-graine-ultramatte-gris", "ProductName": "Sac 30 MontaigneCuir de veau grain\u00e9 ultramatte gris", "Price": "3\u202f100,00\u00a0\u20ac"}
{"Id": "1be68b02-d40c-4ea2-8c59-faf39a695c05", "ProjectName": "Dior", "ProductUrl": "https://www.dior.com/fr_fr/products/couture-M9203IBFK_M50P-sac-30-montaigne-cuir-de-veau-graine-ultramatte-couleur-fard", "ProductName": "Sac 30 MontaigneCuir de veau grain\u00e9 ultramatte couleur fard", "Price": "3\u202f100,00\u00a0\u20ac"}
{"Id": "fac6b85b-b59c-4052-b9d8-8cd50d5913a2", "ProjectName": "Dior", "ProductUrl": "https://www.dior.com/fr_fr/products/couture-M9203SBFK_M989-sac-30-montaigne-cuir-de-veau-graine-ultramatte-noir", "ProductName": "Sac 30 MontaigneCuir de veau grain\u00e9 ultramatte noir", "Price": "3\u202f100,00\u00a0\u20ac"}
{"Id": "ba8f36d2-f88a-427e-afbd-37891cbfda42", "ProjectName": "Dior", "ProductUrl": "https://www.dior.com/fr_fr/products/couture-M9203IBFK_M85B-sac-30-montaigne-cuir-de-veau-graine-ultramatte-bleu-indigo", "ProductName": "Sac 30 MontaigneCuir de veau grain\u00e9 ultramatte bleu indigo", "Price": "3\u202f100,00\u00a0\u20ac"}
{"Id": "3e059142-12d8-4067-81f9-636ae20e7b12", "ProjectName": "Dior"}
{"Id": "1459cb41-f23d-4eaa-82b6-07aad5f3363e", "ProjectName": "Dior", "ProductUrl": "https://www.dior.com/fr_fr/products/couture-M9208OSKC_M07J-sac-chaine-30-montaigne-cuir-de-veau-microcannage-metallise-or", "ProductName": "Sac cha\u00eene 30 MontaigneCuir de veau Microcannage m\u00e9tallis\u00e9 or", "Price": "3\u202f100,00\u00a0\u20ac"}
{"Id": "39e2cacd-25b9-4005-973a-e4c72b7e1bc1", "ProjectName": "Dior", "ProductUrl": "https://www.dior.com/fr_fr/products/couture-M9208PSKC_M26L-sac-chaine-30-montaigne-cuir-de-veau-microcannage-metallise-gris-acier", "ProductName": "Sac cha\u00eene 30 MontaigneCuir de veau Microcannage m\u00e9tallis\u00e9 gris acier", "Price": "3\u202f100,00\u00a0\u20ac"}
{"Id": "ed99afc1-80db-49ea-86c0-06fa4aeac811", "ProjectName": "Dior", "ProductUrl": "https://www.dior.com/fr_fr/products/couture-M9208OMMW_M900-sac-chaine-30-montaigne-cuir-de-veau-microcannage-noir", "ProductName": "Sac cha\u00eene 30 MontaigneCuir de veau Microcannage noir", "Price": "3\u202f100,00\u00a0\u20ac"}
{"Id": "0dfc8c07-3ce7-4639-bce7-e5ce8e322ebc", "ProjectName": "Dior", "ProductUrl": "https://www.dior.com/fr_fr/products/couture-M9208OMMW_M35U-sac-chaine-30-montaigne-cuir-de-veau-microcannage-ivoire", "ProductName": "Sac cha\u00eene 30 MontaigneCuir de veau Microcannage ivoire", "Price": "3\u202f100,00\u00a0\u20ac"}
{"Id": "340c4a3d-87a3-4320-a1ab-06da2ce5abe6", "ProjectName": "Dior", "ProductUrl": "https://www.dior.com/fr_fr/products/couture-M9204UMOS_M59P-sac-box-30-montaigne-cuir-de-veau-box-rose", "ProductName": "Sac box 30 MontaigneCuir de veau box rose", "Price": "2\u202f600,00\u00a0\u20ac"}
{"Id": "05f4254d-ddfe-4ff6-9a60-3f2bed5e8d50", "ProjectName": "Dior", "ProductUrl": "https://www.dior.com/fr_fr/products/couture-M9204UTYG_M886-sac-box-30-montaigne-cuir-de-veau-lisse-imprime-tie-and-dior-bleu-multicolore", "ProductName": "Sac box 30 MontaigneCuir de veau lisse imprim\u00e9 Tie & Dior bleu multicolore", "Price": "2\u202f900,00\u00a0\u20ac"}
{"Id": "3a62f4dc-1322-4e2c-9e5a-aca1c8e338b1", "ProjectName": "Dior", "ProductUrl": "https://www.dior.com/fr_fr/products/couture-M1296ZRIW_M932-sac-dior-book-tote-small-broderie-dior-oblique-gris", "ProductName": "Sac Dior Book Tote SmallBroderie Dior Oblique gris", "Price": "2\u202f200,00\u00a0\u20ac"}
{"Id": "31754161-6bc5-4d73-ba5a-7bcb01b2aa57", "ProjectName": "Dior", "ProductUrl": "https://www.dior.com/fr_fr/products/couture-M1296ZGSB_M94B-sac-dior-book-tote-small-cuir-de-veau-couleur-denim-fonce", "ProductName": "Sac Dior Book Tote SmallCuir de veau couleur denim fonc\u00e9", "Price": "2\u202f200,00\u00a0\u20ac"}
{"Id": "a2362709-1df4-4a04-978e-6193e8c6a5eb", "ProjectName": "Dior", "ProductUrl": "https://www.dior.com/fr_fr/products/couture-M1296ZGSB_M41G-sac-dior-book-tote-small-cuir-de-veau-gris", "ProductName": "Sac Dior Book Tote SmallCuir de veau gris", "Price": "2\u202f200,00\u00a0\u20ac"}
{"Id": "c286aae9-fb5b-4070-9962-4c8edbefa3f7", "ProjectName": "Dior", "ProductUrl": "https://www.dior.com/fr_fr/products/couture-M1296ZGSB_M59P-sac-dior-book-tote-small-cuir-de-veau-rose", "ProductName": "Sac Dior Book Tote SmallCuir de veau rose", "Price": "2\u202f200,00\u00a0\u20ac"}
{"Id": "ff0e79df-b988-4079-bba8-f452748b2c4d", "ProjectName": "Dior", "ProductUrl": "https://www.dior.com/fr_fr/products/couture-M1296ZRPI_M081-sac-dior-book-tote-small-broderie-pied-de-poule-noir-et-blanc", "ProductName": "Sac Dior Book Tote SmallBroderie pied-de-poule noir et blanc", "Price": "2\u202f400,00\u00a0\u20ac"}
{"Id": "7cf29037-59d2-4d08-805b-237f6dd0c23d", "ProjectName": "Dior", "ProductUrl": "https://www.dior.com/fr_fr/products/couture-M1296ZWAL_M928-sac-dior-book-tote-small-denim-brode-dior-oblique-bleu", "ProductName": "Sac Dior Book Tote SmallDenim brod\u00e9 Dior Oblique bleu", "Price": "2\u202f400,00\u00a0\u20ac"}
{"Id": "b093e67c-8c9a-4785-bcfd-ec920c87dc0a", "ProjectName": "Dior", "ProductUrl": "https://www.dior.com/fr_fr/products/couture-M1296ZGSB_M900-sac-dior-book-tote-small-cuir-de-veau-noir", "ProductName": "Sac Dior Book Tote SmallCuir de veau noir", "Price": "2\u202f200,00\u00a0\u20ac"}
{"Id": "413d8ab4-0894-47b2-bcea-0570612f0303", "ProjectName": "Dior", "ProductUrl": "https://www.dior.com/fr_fr/products/couture-M1296ZGSB_M51R-sac-dior-book-tote-small-cuir-de-veau-bordeaux", "ProductName": "Sac Dior Book Tote SmallCuir de veau bordeaux", "Price": "2\u202f200,00\u00a0\u20ac"}
{"Id": "01c99243-9d39-4988-bdce-37e63f67218f", "ProjectName": "Dior", "ProductUrl": "https://www.dior.com/fr_fr/products/couture-M1296ZWAH_M879-sac-dior-book-tote-small-broderie-camouflage-blanc", "ProductName": "Sac Dior Book Tote SmallBroderie Camouflage blanc", "Price": "2\u202f500,00\u00a0\u20ac"}
{"Id": "74b33fac-1a00-4ca0-a652-c1e8fd657186", "ProjectName": "Dior", "ProductUrl": "https://www.dior.com/fr_fr/products/couture-M1296ZEPR_M941-sac-dior-book-tote-small-broderie-dior-in-heart-lights-couleur-latte-multicolore", "ProductName": "Sac Dior Book Tote SmallBroderie Dior In Heart Lights couleur latte multicolore", "Price": "2\u202f600,00\u00a0\u20ac"}
{"Id": "144ae87c-512d-4f5a-b2b0-3c29d873f414", "ProjectName": "Dior", "ProductUrl": "https://www.dior.com/fr_fr/products/couture-M0538OCAL_M59P-sac-lady-dior-myabcdior-cuir-d%E2%80%99agneau-cannage-rose", "ProductName": "Sac Lady Dior MyABCDiorCuir d\u2019agneau Cannage rose", "Price": "3\u202f500,00\u00a0\u20ac"}
{"Id": "33e064c5-29c6-4439-b56c-0451962e8384", "ProjectName": "Dior", "ProductUrl": "https://www.dior.com/fr_fr/products/couture-M0538OCAL_M52H-sac-lady-dior-myabcdior-cuir-d%E2%80%99agneau-cannage-vert", "ProductName": "Sac Lady Dior MyABCDiorCuir d\u2019agneau Cannage vert", "Price": "3\u202f500,00\u00a0\u20ac"}
{"Id": "4719e193-0573-4899-9aa1-eadf41e31c03", "ProjectName": "Dior", "ProductUrl": "https://www.dior.com/fr_fr/products/couture-M0538OWEC_M07L-sac-lady-dior-myabcdior-cuir-de-veau-cannage-metallise-vert", "ProductName": "Sac Lady Dior MyABCDiorCuir de veau Cannage m\u00e9tallis\u00e9 vert", "Price": "3\u202f500,00\u00a0\u20ac"}
{"Id": "a9295d2e-8066-4f6d-bffb-5fb0a700c7ef", "ProjectName": "Dior", "ProductUrl": "https://www.dior.com/fr_fr/products/couture-M0538OCAL_M50P-sac-lady-dior-my%C2%A0abcdior-cuir-d-agneau-cannage-couleur-fard", "ProductName": "Sac Lady Dior My\u00a0ABCDiorCuir d'agneau Cannage couleur fard", "Price": "3\u202f500,00\u00a0\u20ac"}
{"Id": "7c5f0667-d253-4eac-b86e-52de855f411f", "ProjectName": "Dior", "ProductUrl": "https://www.dior.com/fr_fr/products/couture-M0538OCAL_M030-sac-lady-dior-my%C2%A0abcdior-cuir-d-agneau-cannage-couleur-latte", "ProductName": "Sac Lady Dior My\u00a0ABCDiorCuir d'agneau Cannage couleur latte", "Price": "3\u202f500,00\u00a0\u20ac"}
{"Id": "1ccc8b2c-e173-4223-ac77-906ca26cd303", "ProjectName": "Dior", "ProductUrl": "https://www.dior.com/fr_fr/products/couture-M0566OWCB_M900-sac-lady-dior-large-cuir-de-veau-cannage-verni-noir", "ProductName": "Sac Lady Dior LargeCuir de veau Cannage verni noir", "Price": "4\u202f200,00\u00a0\u20ac"}
{"Id": "ee22fc6d-8fcb-4f0d-87af-c34c61ff93cb", "ProjectName": "Dior", "ProductUrl": "https://www.dior.com/fr_fr/products/couture-M0566ONGE_M41G-sac-lady-dior-large-cuir-d-agneau-cannage-gris", "ProductName": "Sac Lady Dior LargeCuir d'agneau Cannage gris", "Price": "4\u202f200,00\u00a0\u20ac"}
{"Id": "44c848d1-650a-4993-a140-7101997c5f65", "ProjectName": "Dior", "ProductUrl": "https://www.dior.com/fr_fr/products/couture-M0565ONGE_M52H-sac-lady-dior-medium-cuir-d-u2019agneau-cannage-vert", "ProductName": "Sac Lady Dior MediumCuir d\u2019agneau Cannage vert", "Price": "3\u202f900,00\u00a0\u20ac"}
{"Id": "a46bc19e-ea26-4b7b-9ed4-bd34fb8a7e46", "ProjectName": "Dior", "ProductUrl": "https://www.dior.com/fr_fr/products/couture-M0565OWCB_M49P-sac-lady-dior-medium-cuir-de-veau-verni-couleur-rose-des-vents", "ProductName": "Sac Lady Dior MediumCuir de veau verni couleur rose des vents", "Price": "3\u202f900,00\u00a0\u20ac"}
{"Id": "a06b21e3-bf05-4bfe-8071-9a4b6e23895a", "ProjectName": "Dior", "ProductUrl": "https://www.dior.com/fr_fr/products/couture-M0505OWEV_M950-sac-lady-dior-mini-veau-velours-gris-brode-de-fils-et-perles", "ProductName": "Sac Lady Dior MiniVeau velours gris brod\u00e9 de fils et perles", "Price": "4\u202f000,00\u00a0\u20ac"}
{"Id": "8047cd87-fc0e-4158-8181-bd6a4df6723a", "ProjectName": "Dior", "ProductUrl": "https://www.dior.com/fr_fr/products/couture-M0505JWEV_M46E-sac-lady-dior-mini-veau-velours-rose-brode-de-fils-et-perles", "ProductName": "Sac Lady Dior MiniVeau velours rose brod\u00e9 de fils et perles", "Price": "4\u202f000,00\u00a0\u20ac"}
{"Id": "7cf3c218-8f36-4484-b847-d5b57aff114a", "ProjectName": "Dior", "ProductUrl": "https://www.dior.com/fr_fr/products/couture-M0565OURV_M889-sac-lady-dior-medium-jardin-de-minuit-cuir-de-veau-brode-de-fils-et-perles-multicolores", "ProductName": "Sac Lady Dior Medium Jardin de MinuitCuir de veau brod\u00e9 de fils et perles multicolores", "Price": "4\u202f800,00\u00a0\u20ac"}
{"Id": "b8b7a549-1438-479f-b1c5-cc939b9d8a14", "ProjectName": "Dior", "ProductUrl": "https://www.dior.com/fr_fr/products/couture-M0565OURV_M886-sac-lady-dior-medium-jardin-de-midi-cuir-de-veau-brode-de-fils-et-perles-multicolores", "ProductName": "Sac Lady Dior Medium Jardin de MidiCuir de veau brod\u00e9 de fils et perles multicolores", "Price": "4\u202f800,00\u00a0\u20ac"}
{"Id": "cb06ee49-0012-4e61-9099-32a9d9874bf1", "ProjectName": "Dior", "ProductUrl": "https://www.dior.com/fr_fr/products/couture-M0565OWCB_M900-sac-lady-dior-medium-cuir-de-veau-cannage-verni-noir", "ProductName": "Sac Lady Dior MediumCuir de veau Cannage verni noir", "Price": "3\u202f900,00\u00a0\u20ac"}
{"Id": "98b8be7e-77b4-4600-b581-1a1bade60010", "ProjectName": "Dior", "ProductUrl": "https://www.dior.com/fr_fr/products/couture-M0565OWCB_M323-sac-lady-dior-medium-cuir-de-veau-cannage-verni-rouge-cerise", "ProductName": "Sac Lady Dior MediumCuir de veau Cannage verni rouge cerise", "Price": "3\u202f900,00\u00a0\u20ac"}
{"Id": "cc5c9732-f1de-42fd-b5ff-b72e229b838a", "ProjectName": "Dior", "ProductUrl": "https://www.dior.com/fr_fr/products/couture-VRB44551_M323-sac-lady-dior-medium-cuir-de-veau-cannage-verni-rouge-cerise", "ProductName": "Sac Lady Dior MediumCuir de veau Cannage verni rouge cerise", "Price": "3\u202f900,00\u00a0\u20ac"}
{"Id": "9f0b72b9-e2ed-49a5-9c16-f0a9ea4e6a3c", "ProjectName": "Dior", "ProductUrl": "https://www.dior.com/fr_fr/products/couture-M0565OWCB_M57H-sac-lady-dior-medium-cuir-de-veau-cannage-verni-vert-feuille", "ProductName": "Sac Lady Dior MediumCuir de veau Cannage verni vert feuille", "Price": "3\u202f900,00\u00a0\u20ac"}
{"Id": "7f03ce43-b108-4c38-97b5-230d6176e281", "ProjectName": "Dior", "ProductUrl": "https://www.dior.com/fr_fr/products/couture-M0566ONGE_M900-sac-lady-dior-large-cuir-d-agneau-cannage-noir", "ProductName": "Sac Lady Dior LargeCuir d'agneau Cannage noir", "Price": "4\u202f200,00\u00a0\u20ac"}
{"Id": "e13eb737-16d7-48cd-a268-13e629f7d19a", "ProjectName": "Dior", "ProductUrl": "https://www.dior.com/fr_fr/products/couture-M0566ONGE_M52R-sac-lady-dior-large-cuir-d-agneau-cannage-rouge-cerise", "ProductName": "Sac Lady Dior LargeCuir d'agneau Cannage rouge cerise", "Price": "4\u202f200,00\u00a0\u20ac"}
{"Id": "cfa19529-118f-4e29-bbcf-9679a6fef641", "ProjectName": "Dior", "ProductUrl": "https://www.dior.com/fr_fr/products/couture-M0566ONGE_M42R-sac-lady-dior-large-cuir-d-agneau-cannage-couleur-amarante", "ProductName": "Sac Lady Dior LargeCuir d'agneau Cannage couleur amarante", "Price": "4\u202f200,00\u00a0\u20ac"}
{"Id": "4d0f032a-3756-4942-8c6e-323de7a9d915", "ProjectName": "Dior", "ProductUrl": "https://www.dior.com/fr_fr/products/couture-M0566ONGE_M90B-sac-lady-dior-large-cuir-d-agneau-cannage-bleu-denim", "ProductName": "Sac Lady Dior LargeCuir d'agneau Cannage bleu denim", "Price": "4\u202f200,00\u00a0\u20ac"}
{"Id": "9fae073b-a0ba-4359-b805-b6989ed48374", "ProjectName": "Dior", "ProductUrl": "https://www.dior.com/fr_fr/products/couture-M0566ONGE_M50P-sac-lady-dior-large-cuir-d-agneau-cannage-couleur-fard", "ProductName": "Sac Lady Dior LargeCuir d'agneau Cannage couleur fard", "Price": "4\u202f200,00\u00a0\u20ac"}
{"Id": "6781e2b3-570d-4734-96da-df94a3bf0143", "ProjectName": "Dior", "ProductUrl": "https://www.dior.com/fr_fr/products/couture-M0565ONGE_M42R-sac-lady-dior-medium-cuir-d-agneau-cannage-couleur-amarante", "ProductName": "Sac Lady Dior MediumCuir d'agneau Cannage couleur amarante", "Price": "3\u202f900,00\u00a0\u20ac"}
{"Id": "3f5e6381-e0a2-44c9-b9b6-11335af4cd55", "ProjectName": "Dior", "ProductUrl": "https://www.dior.com/fr_fr/products/couture-CAL44550_M42R-sac-lady-dior-medium-cuir-d-agneau-cannage-couleur-amarante", "ProductName": "Sac Lady Dior MediumCuir d'agneau Cannage couleur amarante", "Price": "3\u202f900,00\u00a0\u20ac"}
{"Id": "d5f60f85-e9bc-4bda-8f39-f0099a9904db", "ProjectName": "Dior", "ProductUrl": "https://www.dior.com/fr_fr/products/couture-M0565ONGE_M52R-sac-lady-dior-medium-cuir-d-agneau-cannage-rouge-cerise", "ProductName": "Sac Lady Dior MediumCuir d'agneau Cannage rouge cerise", "Price": "3\u202f900,00\u00a0\u20ac"}
{"Id": "8d44d733-4d16-42bc-ac3c-428d8db54bee", "ProjectName": "Dior", "ProductUrl": "https://www.dior.com/fr_fr/products/couture-CAL44550_M52R-sac-lady-d-lite-medium-cuir-d-agneau-cannage-rouge-cerise", "ProductName": "Sac Lady D-Lite MediumCuir d'agneau Cannage rouge cerise", "Price": "3\u202f900,00\u00a0\u20ac"}
{"Id": "f631eee4-af10-41e7-b8bb-1c8f4416ab4d", "ProjectName": "Dior", "ProductUrl": "https://www.dior.com/fr_fr/products/couture-M0565ONGE_M030-sac-lady-dior-medium-cuir-d-agneau-cannage-couleur-latte", "ProductName": "Sac Lady Dior MediumCuir d'agneau Cannage couleur latte", "Price": "3\u202f900,00\u00a0\u20ac"}
{"Id": "345fbf8b-2fa9-46dc-a5c8-686b821d7132", "ProjectName": "Dior", "ProductUrl": "https://www.dior.com/fr_fr/products/couture-M0500PRTC_M911-sac-lady-dior-mini-satin-cannage-strasse-noir", "ProductName": "Sac Lady Dior MiniSatin Cannage strass\u00e9 noir", "Price": "3\u202f300,00\u00a0\u20ac"}
{"Id": "51185cd6-bc5b-43ed-b4f6-320804a3e062", "ProjectName": "Dior", "ProductUrl": "https://www.dior.com/fr_fr/products/couture-M0500PRTC_M932-sac-lady-dior-mini-satin-cannage-strasse-gris", "ProductName": "Sac Lady Dior MiniSatin Cannage strass\u00e9 gris", "Price": "3\u202f300,00\u00a0\u20ac"}
{"Id": "bdcb8fb4-786d-4fa4-92c4-2a32ce690d73", "ProjectName": "Dior", "ProductUrl": "https://www.dior.com/fr_fr/products/couture-M0505OWCB_M323-sac-lady-dior-mini-cuir-de-veau-cannage-verni-rouge-cerise", "ProductName": "Sac Lady Dior MiniCuir de veau Cannage verni rouge cerise", "Price": "3\u202f200,00\u00a0\u20ac"}
{"Id": "3e89c7af-4e72-422d-9bd1-eb3703945823", "ProjectName": "Dior", "ProductUrl": "https://www.dior.com/fr_fr/products/couture-M0505OCAL_M52R-sac-lady-dior-mini-cuir-d-agneau-cannage-rouge-cerise", "ProductName": "Sac Lady Dior MiniCuir d'agneau Cannage rouge cerise", "Price": "3\u202f200,00\u00a0\u20ac"}
{"Id": "9b559688-da28-4e24-8559-131a8992e5e9", "ProjectName": "Dior", "ProductUrl": "https://www.dior.com/fr_fr/products/couture-M505SOUCG_M551-sac-lady-dior-mini-velours-cannage-bleu", "ProductName": "Sac Lady Dior MiniVelours Cannage bleu", "Price": "3\u202f200,00\u00a0\u20ac"}
{"Id": "af48cdb3-aa07-4abe-9ad7-6d4b56b581e1", "ProjectName": "Dior", "ProductUrl": "https://www.dior.com/fr_fr/products/couture-M0505OWEC_M19J-sac-lady-dior-mini-cuir-de-veau-cannage-metallise-or", "ProductName": "Sac Lady Dior MiniCuir de veau Cannage m\u00e9tallis\u00e9 or", "Price": "3\u202f200,00\u00a0\u20ac"}
{"Id": "ad9d2c7b-1d08-4819-9fde-cabba7bb5bba", "ProjectName": "Dior", "ProductUrl": "https://www.dior.com/fr_fr/products/couture-M0505OADU_M15P-sac-lady-dior-mini-cuir-d-agneau-cannage-perle-couleur-lotus", "ProductName": "Sac Lady Dior MiniCuir d'agneau Cannage perl\u00e9 couleur lotus", "Price": "3\u202f200,00\u00a0\u20ac"}
{"Id": "5e12f57f-8fd5-4008-b3b2-6c05b4ccb04b", "ProjectName": "Dior", "ProductUrl": "https://www.dior.com/fr_fr/products/couture-M0505OADU_M11G-sac-lady-dior-mini-cuir-d-agneau-cannage-perle-gris-opalin", "ProductName": "Sac Lady Dior MiniCuir d'agneau Cannage perl\u00e9 gris opalin", "Price": "3\u202f200,00\u00a0\u20ac"}
{"Id": "54985067-2af9-4f26-8539-63766959068c", "ProjectName": "Dior", "ProductUrl": "https://www.dior.com/fr_fr/products/couture-M505SOUCG_M54P-sac-lady-dior-mini-velours-cannage-rose", "ProductName": "Sac Lady Dior MiniVelours Cannage rose", "Price": "3\u202f200,00\u00a0\u20ac"}
{"Id": "073237d8-9f1f-42a8-999d-76dc2dab352b", "ProjectName": "Dior", "ProductUrl": "https://www.dior.com/fr_fr/products/couture-M0565OSAQ_M917-sac-lady-dior-medium-cuir-de-veau-imprime-et-brode-de-fils-et-de-perles-a-motif-dior-in-lights-turquoise-multicolore", "ProductName": "Sac Lady Dior MediumCuir de veau imprim\u00e9 et brod\u00e9 de fils et de perles \u00e0 motif Dior In Lights turquoise multicolore", "Price": "5\u202f200,00\u00a0\u20ac"}
{"Id": "6e0585c2-c84b-4165-9e88-3b7c0d8f0a0b", "ProjectName": "Dior", "ProductUrl": "https://www.dior.com/fr_fr/products/couture-M0565OSCQ_M941-sac-lady-dior-medium-cuir-de-veau-imprime-et-brode-de-fils-et-de-perles-dior-in-heart-lights-couleur-latte-multicolore", "ProductName": "Sac Lady Dior MediumCuir de veau imprim\u00e9 et brod\u00e9 de fils et de perles Dior In Heart Lights couleur latte multicolore", "Price": "5\u202f200,00\u00a0\u20ac"}
{"Id": "bebcac1c-59b6-4934-9ce6-3977687df87d", "ProjectName": "Dior", "ProductUrl": "https://www.dior.com/fr_fr/products/couture-M0538OCAL_M52R-sac-lady-dior-my%C2%A0abcdior-cuir-d-agneau-cannage-rouge-cerise", "ProductName": "Sac Lady Dior My\u00a0ABCDiorCuir d'agneau Cannage rouge cerise", "Price": "3\u202f500,00\u00a0\u20ac"}
{"Id": "3943236f-739c-4f83-9d68-2e76d7489577", "ProjectName": "Dior", "ProductUrl": "https://www.dior.com/fr_fr/products/couture-M0538OWEC_M20G-sac-lady-dior-my%C2%A0abcdior-cuir-de-veau-metallise-cannage-couleur-canon-de-fusil", "ProductName": "Sac Lady Dior My\u00a0ABCDiorCuir de veau m\u00e9tallis\u00e9 Cannage couleur canon de fusil", "Price": "3\u202f500,00\u00a0\u20ac"}
{"Id": "c5f88e02-9316-4022-861e-39561ac436ff", "ProjectName": "Dior", "ProductUrl": "https://www.dior.com/fr_fr/products/couture-M0538OWEC_M10L-sac-lady-dior-my%C2%A0abcdior-cuir-de-veau-metallise-cannage-dore", "ProductName": "Sac Lady Dior My\u00a0ABCDiorCuir de veau m\u00e9tallis\u00e9 Cannage dor\u00e9", "Price": "3\u202f500,00\u00a0\u20ac"}
{"Id": "f717b0e7-6fd0-4f79-a634-5163f6e7f7eb", "ProjectName": "Dior", "ProductUrl": "https://www.dior.com/fr_fr/products/couture-M0538OCAL_M90B-sac-lady-dior-my%C2%A0abcdior-cuir-d-agneau-cannage-bleu-denim", "ProductName": "Sac Lady Dior My\u00a0ABCDiorCuir d'agneau Cannage bleu denim", "Price": "3\u202f500,00\u00a0\u20ac"}
{"Id": "913bd2c9-5ee9-4636-abe7-778db8d45ed8", "ProjectName": "Dior", "ProductUrl": "https://www.dior.com/fr_fr/products/couture-M9203IBFK_M59P-sac-30-montaigne-cuir-de-veau-graine-ultramatte-rose", "ProductName": "Sac 30 MontaigneCuir de veau grain\u00e9 ultramatte rose", "Price": "3\u202f100,00\u00a0\u20ac"}
{"Id": "f515349b-47d1-49ff-8800-8abe1b74e837", "ProjectName": "Dior", "ProductUrl": "https://www.dior.com/fr_fr/products/couture-M9203UMOS_M52H-sac-30-montaigne-cuir-de-veau-box-vert", "ProductName": "Sac 30 MontaigneCuir de veau box vert", "Price": "2\u202f900,00\u00a0\u20ac"}
{"Id": "796d85d1-ae75-4ea8-b67a-97b5a7206811", "ProjectName": "Dior", "ProductUrl": "https://www.dior.com/fr_fr/products/couture-M9203UMOS_M46E-sac-30-montaigne-cuir-de-veau-box-couleur-rose-des-vents", "ProductName": "Sac 30 MontaigneCuir de veau box couleur rose des vents", "Price": "2\u202f900,00\u00a0\u20ac"}
{"Id": "0bcc0737-7229-45b5-9a51-106d74dd56cc", "ProjectName": "Dior", "ProductUrl": "https://www.dior.com/fr_fr/products/couture-M9203UMOS_M941-sac-30-montaigne-cuir-de-veau-box-couleur-latte", "ProductName": "Sac 30 MontaigneCuir de veau box couleur latte", "Price": "2\u202f900,00\u00a0\u20ac"}
{"Id": "99d19183-3a11-4fdc-9d4a-560ba585ec0f", "ProjectName": "Dior", "ProductUrl": "https://www.dior.com/fr_fr/products/couture-M9203UMOS_M02E-sac-30-montaigne-cuir-de-veau-box-rouge", "ProductName": "Sac 30 MontaigneCuir de veau box rouge", "Price": "2\u202f900,00\u00a0\u20ac"}
{"Id": "df8a82ab-5cbd-4022-abf8-2df7083ee8d4", "ProjectName": "Dior", "ProductUrl": "https://www.dior.com/fr_fr/products/couture-M9203UTYG_M886-sac-30-montaigne-cuir-de-veau-lisse-imprime-tie-and-dior-bleu-multicolore", "ProductName": "Sac 30 MontaigneCuir de veau lisse imprim\u00e9 Tie & Dior bleu multicolore", "Price": "3\u202f000,00\u00a0\u20ac"}
{"Id": "735980d6-f746-4dd8-a096-e9ac94ad82c0", "ProjectName": "Dior", "ProductUrl": "https://www.dior.com/fr_fr/products/couture-M9203UTZQ_M747-sac-30-montaigne-toile-jacquard-dior-oblique-marron", "ProductName": "Sac 30 MontaigneToile jacquard Dior Oblique marron", "Price": "2\u202f900,00\u00a0\u20ac"}
{"Id": "4eb1e5eb-73e9-496b-abad-bcee0a39cfdb", "ProjectName": "Dior", "ProductUrl": "https://www.dior.com/fr_fr/products/couture-M9206UTZQ_M928-pochette-30-montaigne-toile-jacquard-dior-oblique-bleu", "ProductName": "Pochette 30 MontaigneToile jacquard Dior Oblique bleu", "Price": "1\u202f950,00\u00a0\u20ac"}
{"Id": "f8230f06-0e48-4b78-96b4-6f7b8a2d9b67", "ProjectName": "Dior", "ProductUrl": "https://www.dior.com/fr_fr/products/couture-M9208OWBH_M50P-sac-chaine-30-montaigne-cuir-de-veau-graine-couleur-fard", "ProductName": "Sac cha\u00eene 30 MontaigneCuir de veau grain\u00e9 couleur fard", "Price": "2\u202f900,00\u00a0\u20ac"}
{"Id": "c8b610b1-0856-4626-bb7f-63d7a69b58f0", "ProjectName": "Dior", "ProductUrl": "https://www.dior.com/fr_fr/products/couture-M0446CIAA_M53E-sac-saddle-cuir-de-veau-embosse-a-motif-dior-in-lights-peint-a-la-main-couleur-cuoio-multicolore", "ProductName": "Sac SaddleCuir de veau emboss\u00e9 \u00e0 motif Dior In Lights peint \u00e0 la main couleur cuoio multicolore", "Price": "3\u202f700,00\u00a0\u20ac"}
{"Id": "1ca81343-be1e-4b18-9613-e41aff468342", "ProjectName": "Dior", "ProductUrl": "https://www.dior.com/fr_fr/products/couture-M0446CWAF_M932-sac-saddle-denim-gris-brode-dior-oblique", "ProductName": "Sac SaddleDenim gris brod\u00e9 Dior Oblique", "Price": "2\u202f900,00\u00a0\u20ac"}
{"Id": "eb85b7ff-f1be-4aec-b1df-207316e30b29", "ProjectName": "Dior", "ProductUrl": "https://www.dior.com/fr_fr/products/couture-M0446CWAL_M928-sac-saddle-denim-brode-dior-oblique-bleu", "ProductName": "Sac SaddleDenim brod\u00e9 Dior Oblique bleu", "Price": "2\u202f900,00\u00a0\u20ac"}
{"Id": "a0c0e0c3-4d76-465a-bbe8-4952b6a07264", "ProjectName": "Dior", "ProductUrl": "https://www.dior.com/fr_fr/products/couture-M0446CWAF_M042-sac-saddle-denim-brode-dior-oblique-vert", "ProductName": "Sac SaddleDenim brod\u00e9 Dior Oblique vert", "Price": "2\u202f900,00\u00a0\u20ac"}
{"Id": "91cfeb00-5662-44d0-89b9-5b4b91a77e30", "ProjectName": "Dior", "ProductUrl": "https://www.dior.com/fr_fr/products/couture-M0447CTZQ_M928-sac-saddle-mini-toile-jacquard-dior-oblique-bleu", "ProductName": "Sac Saddle MiniToile jacquard Dior Oblique bleu", "Price": "2\u202f100,00\u00a0\u20ac"}
{"Id": "f5e97a80-5537-48c0-a970-020ffea5df46", "ProjectName": "Dior", "ProductUrl": "https://www.dior.com/fr_fr/products/couture-M0446CTZQ_M974-sac-saddle-toile-jacquard-dior-oblique-bordeaux", "ProductName": "Sac SaddleToile jacquard Dior Oblique bordeaux", "Price": "2\u202f600,00\u00a0\u20ac"}
{"Id": "9b543503-d060-4056-9393-1d829098fd33", "ProjectName": "Dior", "ProductUrl": "https://www.dior.com/fr_fr/products/couture-M0446CWPL_M900-sac-saddle-cuir-de-veau-verni-noir", "ProductName": "Sac SaddleCuir de veau verni noir", "Price": "2\u202f600,00\u00a0\u20ac"}
{"Id": "43e63a25-6700-4ff8-b019-9d3f42f985c3", "ProjectName": "Dior", "ProductUrl": "https://www.dior.com/fr_fr/products/couture-M0446CWVG_M52R-sac-saddle-cuir-de-veau-graine-rouge-cerise", "ProductName": "Sac SaddleCuir de veau grain\u00e9 rouge cerise", "Price": "2\u202f600,00\u00a0\u20ac"}
{"Id": "8a34449f-0592-45ef-b95f-59eb15d41273", "ProjectName": "Dior", "ProductUrl": "https://www.dior.com/fr_fr/products/couture-M0447CWVG_M52R-sac-saddle-mini-cuir-de-veau-graine-rouge-cerise", "ProductName": "Sac Saddle MiniCuir de veau grain\u00e9 rouge cerise", "Price": "2\u202f100,00\u00a0\u20ac"}
{"Id": "abd2a7ac-43b7-4706-91ef-241b761869bd", "ProjectName": "Dior", "ProductUrl": "https://www.dior.com/fr_fr/products/couture-M0446CWVG_M90B-sac-saddle-cuir-de-veau-graine-bleu-denim", "ProductName": "Sac SaddleCuir de veau grain\u00e9 bleu denim", "Price": "2\u202f600,00\u00a0\u20ac"}
{"Id": "38c5201d-393f-494f-adf7-324cd62c3e07", "ProjectName": "Dior", "ProductUrl": "https://www.dior.com/fr_fr/products/couture-M0446CWVG_M41R-sac-saddle-cuir-de-veau-graine-rouge-scarlet", "ProductName": "Sac SaddleCuir de veau grain\u00e9 rouge scarlet", "Price": "2\u202f600,00\u00a0\u20ac"}
{"Id": "ce25ba7c-c67a-4fc0-b15a-99939c015fa0", "ProjectName": "Dior", "ProductUrl": "https://www.dior.com/fr_fr/products/couture-M0446CWGH_M41R-sac-saddle-cuir-de-veau-rouge-scarlet", "ProductName": "Sac SaddleCuir de veau rouge scarlet", "Price": "2\u202f600,00\u00a0\u20ac"}
{"Id": "7be3cd56-ac92-4c7a-973d-593f8d16a8e7", "ProjectName": "Dior", "ProductUrl": "https://www.dior.com/fr_fr/products/couture-M0446CWAH_M989-sac-saddle-broderie-camouflage-noir", "ProductName": "Sac SaddleBroderie Camouflage noir", "Price": "3\u202f100,00\u00a0\u20ac"}
{"Id": "4603ebba-8ece-4898-9c9b-52e0d42fbc64", "ProjectName": "Dior", "ProductUrl": "https://www.dior.com/fr_fr/products/couture-M0446CWAH_M928-sac-saddle-broderie-camouflage-bleu", "ProductName": "Sac SaddleBroderie Camouflage bleu", "Price": "3\u202f100,00\u00a0\u20ac"}
{"Id": "94ac7b8e-1e23-45bc-8817-4352d63c6e05", "ProjectName": "Dior", "ProductUrl": "https://www.dior.com/fr_fr/products/couture-M0446CWAH_M042-sac-saddle-broderie-camouflage-vert", "ProductName": "Sac SaddleBroderie Camouflage vert", "Price": "3\u202f100,00\u00a0\u20ac"}
{"Id": "f881f129-3842-4fa5-be19-0dc5d06bc908", "ProjectName": "Dior", "ProductUrl": "https://www.dior.com/fr_fr/products/couture-M447SCSRA_M900-sac-saddle-mini-satin-noir", "ProductName": "Sac Saddle MiniSatin noir", "Price": "2\u202f300,00\u00a0\u20ac"}
{"Id": "6d6b95c2-3d18-4f41-bae6-4284abad449a", "ProjectName": "Dior", "ProductUrl": "https://www.dior.com/fr_fr/products/couture-M447SCSRA_M551-sac-saddle-mini-satin-bleu", "ProductName": "Sac Saddle MiniSatin bleu", "Price": "2\u202f300,00\u00a0\u20ac"}
{"Id": "b1183fd3-2f88-40c4-a2f8-93751cc77ea5", "ProjectName": "Dior", "ProductUrl": "https://www.dior.com/fr_fr/products/couture-M447SCSRA_M60H-sac-saddle-mini-satin-vert-sauge", "ProductName": "Sac Saddle MiniSatin vert sauge", "Price": "2\u202f300,00\u00a0\u20ac"}
{"Id": "d62366bb-9c3b-4182-85a0-57a4806fa754", "ProjectName": "Dior", "ProductUrl": "https://www.dior.com/fr_fr/products/couture-M8604CTZQ_M928-pochette-pliable-toile-jacquard-dior-oblique-bleu", "ProductName": "Pochette pliableToile jacquard Dior Oblique bleu", "Price": "1\u202f500,00\u00a0\u20ac"}
{"Id": "6ffebe00-3343-47f0-951c-5618ef1582b7", "ProjectName": "Dior", "ProductUrl": "https://www.dior.com/fr_fr/products/couture-M5818CTZO_M974-sac-dioraddict-toile-jacquard-dior-oblique-bordeaux", "ProductName": "Sac DioraddictToile jacquard Dior Oblique bordeaux", "Price": "2\u202f600,00\u00a0\u20ac"}
