[
{"Success": true, "TaskId": "1", "Name": "Boots sport chic enfant gar\u00e7on ", "FullDescription": "Votrefilsadumal\u00e0choisirentreunepairedebootsetdestennis?Necherchezplus,vousvenezdetrouverleschaussuresquiluiplairont\u00e0coups\u00fbr.Fusionr\u00e9ussieentreunebasketetunedesertboot,ceschaussuresrobustestaill\u00e9espourlequotidienonttoutpourplaire.\u00c0chausserd\u00e8sleprintempspouraller\u00e0l'\u00e9coleetrejoindrelescopainslemercrediapr\u00e8s-midi,ilpourralesaccorder\u00e0unjeanretrouss\u00e9etunsweatpourunlookurbain.", "Price": "69,00", "ImageThumbnailUrl": "http://www.jacadi.fr/medias/2020935-541FRONT-product?context=bWFzdGVyfGltYWdlc3w4MjQwN3xpbWFnZS9qcGVnfGg2Mi9oODEvOTM2NjgzNjkwMzk2Ni8yMDIwOTM1XzU0MUZST05UX3Byb2R1Y3R8MTE1ODNlYWNjNWI2MjFhYjY3ZWZiZjhiNWFhYzdkODIyMWQzZGQ3MGFhOWExMGI0Zjg0ODUyY2VkMzgyMjNhMQ", "LastChangeTime": "2021-01-08 14:46:03", "ImageUrls": "w,w,w,.,j,a,c,a,d,i,.,f,r,/,m,e,d,i,a,s,/,2,0,2,0,9,3,5,-,5,4,1,F,R,O,N,T,-,p,r,o,d,u,c,t,?,c,o,n,t,e,x,t,=,b,W,F,z,d,G,V,y,f,G,l,t,Y,W,d,l,c,3,w,4,M,j,Q,w,N,3,x,p,b,W,F,n,Z,S,9,q,c,G,V,n,f,G,g,2,M,i,9,o,O,D,E,v,O,T,M,2,N,j,g,z,N,j,k,w,M,z,k,2,N,i,8,y,M,D,I,w,O,T,M,1,X,z,U,0,M,U,Z,S,T,0,5,U,X,3,B,y,b,2,R,1,Y,3,R,8,M,T,E,1,O,D,N,l,Y,W,N,j,N,W,I,2,M,j,F,h,Y,j,Y,3,Z,W,Z,i,Z,j,h,i,N,W,F,h,Y,z,d,k,O,D,I,y,M,W,Q,z,Z,G,Q,3,M,G,F,h,O,W,E,x,M,G,I,0,Z,j,g,0,O,D,U,y,Y,2,V,k,M,z,g,y,M,j,N,h,M,Q,,,w,w,w,.,j,a,c,a,d,i,.,f,r,/,m,e,d,i,a,s,/,2,0,2,0,9,3,5,-,5,4,1,B,A,C,K,-,p,r,o,d,u,c,t,?,c,o,n,t,e,x,t,=,b,W,F,z,d,G,V,y,f,G,l,t,Y,W,d,l,c,3,w,2,M,D,g,2,O,H,x,p,b,W,F,n,Z,S,9,q,c,G,V,n,f,G,g,x,Y,S,9,o,Z,G,U,v,O,T,M,2,N,j,g,z,N,z,U,1,O,T,M,y,N,i,8,y,M,D,I,w,O,T,M,1,X,z,U,0,M,U,J,B,Q,0,t,f,c,H,J,v,Z,H,V,j,d,H,w,3,O,T,R,l,O,T,Q,w,N,j,A,x,M,W,F,k,N,2,E,5,M,2,N,j,Y,T,A,3,Y,j,N,l,N,j,I,3,N,z,I,2,Z,T,Q,0,N,D,B,j,Z,W,E,1,Z,W,U,2,O,W,Y,0,Z,D,k,x,O,G,M,5,N,W,R,m,M,W,Y,0,M,j,d,l,N,z,E,2,,,w,w,w,.,j,a,c,a,d,i,.,f,r,/,m,e,d,i,a,s,/,2,0,2,0,9,3,5,-,5,4,1,J,S,V,0,2,-,p,r,o,d,u,c,t,?,c,o,n,t,e,x,t,=,b,W,F,z,d,G,V,y,f,G,l,t,Y,W,d,l,c,3,w,5,M,D,A,1,N,n,x,p,b,W,F,n,Z,S,9,q,c,G,V,n,f,G,h,h,Y,S,9,o,Z,T,g,v,O,T,M,2,N,j,g,z,N,z,g,4,N,z,A,w,N,i,8,y,M,D,I,w,O,T,M,1,X,z,U,0,M,U,p,T,V,j,A,y,X,3,B,y,b,2,R,1,Y,3,R,8,Z,j,k,4,Z,j,U,2,Z,j,E,y,M,D,g,4,O,W,R,i,Z,T,J,l,N,z,E,1,Y,T,g,0,N,j,k,3,O,D,c,2,O,T,U,w,N,D,k,0,O,D,I,z,N,T,U,2,N,W,F,k,O,D,k,2,Y,T,V,i,Z,D,Y,4,N,T,V,i,Y,T,k,3,N,m,U,z,M,Q,,,w,w,w,.,j,a,c,a,d,i,.,f,r,/,m,e,d,i,a,s,/,2,0,2,0,9,3,5,-,5,4,1,J,S,V,0,3,-,p,r,o,d,u,c,t,?,c,o,n,t,e,x,t,=,b,W,F,z,d,G,V,y,f,G,l,t,Y,W,d,l,c,3,w,4,N,T,g,w,N,3,x,p,b,W,F,n,Z,S,9,q,c,G,V,n,f,G,h,j,Y,i,9,o,Y,z,I,v,O,T,M,2,N,j,g,z,O,D,I,x,N,D,Y,4,N,i,8,y,M,D,I,w,O,T,M,1,X,z,U,0,M,U,p,T,V,j,A,z,X,3,B,y,b,2,R,1,Y,3,R,8,Y,j,Y,y,N,D,d,m,O,D,F,k,O,G,J,h,O,T,E,5,N,T,V,j,Z,W,Q,z,N,G,M,5,O,D,V,l,M,z,Y,z,M,z,c,y,M,m,N,l,Z,G,Q,4,O,T,Q,5,Z,G,R,h,N,D,l,k,Y,T,V,l,Y,W,I,0,N,m,Y,4,N,2,F,h,O,D,g,0,N,g,,,w,w,w,.,j,a,c,a,d,i,.,f,r,/,m,e,d,i,a,s,/,2,0,2,0,9,3,5,-,5,4,1,J,S,V,0,4,-,p,r,o,d,u,c,t,?,c,o,n,t,e,x,t,=,b,W,F,z,d,G,V,y,f,G,l,t,Y,W,d,l,c,3,w,4,O,T,k,5,M,H,x,p,b,W,F,n,Z,S,9,q,c,G,V,n,f,G,g,z,Y,i,9,o,Y,j,g,v,O,T,M,2,N,j,g,z,O,D,U,0,M,j,M,2,N,i,8,y,M,D,I,w,O,T,M,1,X,z,U,0,M,U,p,T,V,j,A,0,X,3,B,y,b,2,R,1,Y,3,R,8,O,D,c,z,N,2,Y,w,N,G,Y,x,M,G,R,i,N,2,F,h,N,m,J,i,Z,D,l,m,N,2,V,i,N,j,U,0,Y,T,U,1,M,z,g,4,O,G,Q,z,Z,D,V,l,Y,W,U,0,O,T,l,i,Z,j,Y,0,Z,D,I,x,N,m,F,h,N,G,M,3,Y,z,h,m,M,W,R,h,N,A,,,w,w,w,.,j,a,c,a,d,i,.,f,r,/,m,e,d,i,a,s,/,2,0,2,0,9,3,5,-,5,4,1,J,S,V,0,5,-,p,r,o,d,u,c,t,?,c,o,n,t,e,x,t,=,b,W,F,z,d,G,V,y,f,G,l,t,Y,W,d,l,c,3,w,4,O,D,A,4,M,H,x,p,b,W,F,n,Z,S,9,q,c,G,V,n,f,G,h,h,Y,i,9,o,Y,W,Q,v,O,T,M,2,N,j,g,z,O,D,g,3,M,D,A,0,N,i,8,y,M,D,I,w,O,T,M,1,X,z,U,0,M,U,p,T,V,j,A,1,X,3,B,y,b,2,R,1,Y,3,R,8,Y,2,V,h,Z,T,k,y,M,D,I,2,N,z,g,w,N,z,Z,h,N,D,g,1,Z,D,J,l,M,G,F,m,Y,m,N,k,Y,2,R,m,Z,D,J,m,Y,z,M,1,O,T,g,2,O,G,Y,w,M,T,Z,i,N,2,Z,i,M,2,Q,z,N,j,Q,4,M,z,A,y,Y,j,Y,4,M,2,N,k,O,A,,", "ProductAttributes": [{"AttributeBasicInfo": {"Name": "Size", "Description": ""}, "Mapping": {"TextPrompt": "Size", "IsRequired": true, "AttributeControlTypeId": 2, "AttributeControlType": "RadioList", "DisplayOrder": 0, "DefaultValue": ""}, "Variables": [{"NewPrice": "69.0", "Name": "25", "DisplayColorSquaresRgb": false, "PriceAdjustment": 0, "PriceAdjustmentUsePercentage": false, "IsPreSelected": false, "DisplayOrder": false, "DisplayImageSquaresPicture": false}, {"NewPrice": "69.0", "Name": "26", "DisplayColorSquaresRgb": false, "PriceAdjustment": 0, "PriceAdjustmentUsePercentage": false, "IsPreSelected": false, "DisplayOrder": false, "DisplayImageSquaresPicture": false}, {"NewPrice": "69.0", "Name": "27", "DisplayColorSquaresRgb": false, "PriceAdjustment": 0, "PriceAdjustmentUsePercentage": false, "IsPreSelected": false, "DisplayOrder": false, "DisplayImageSquaresPicture": false}, {"NewPrice": "75.0", "Name": "28", "DisplayColorSquaresRgb": false, "PriceAdjustment": 0, "PriceAdjustmentUsePercentage": false, "IsPreSelected": false, "DisplayOrder": false, "DisplayImageSquaresPicture": false}, {"NewPrice": "75.0", "Name": "29", "DisplayColorSquaresRgb": false, "PriceAdjustment": 0, "PriceAdjustmentUsePercentage": false, "IsPreSelected": false, "DisplayOrder": false, "DisplayImageSquaresPicture": false}, {"NewPrice": "75.0", "Name": "30", "DisplayColorSquaresRgb": false, "PriceAdjustment": 0, "PriceAdjustmentUsePercentage": false, "IsPreSelected": false, "DisplayOrder": false, "DisplayImageSquaresPicture": false}, {"NewPrice": "75.0", "Name": "31", "DisplayColorSquaresRgb": false, "PriceAdjustment": 0, "PriceAdjustmentUsePercentage": false, "IsPreSelected": false, "DisplayOrder": false, "DisplayImageSquaresPicture": false}, {"NewPrice": "75.0", "Name": "32", "DisplayColorSquaresRgb": false, "PriceAdjustment": 0, "PriceAdjustmentUsePercentage": false, "IsPreSelected": false, "DisplayOrder": false, "DisplayImageSquaresPicture": false}, {"NewPrice": "75.0", "Name": "33", "DisplayColorSquaresRgb": false, "PriceAdjustment": 0, "PriceAdjustmentUsePercentage": false, "IsPreSelected": false, "DisplayOrder": false, "DisplayImageSquaresPicture": false}, {"NewPrice": "75.0", "Name": "34", "DisplayColorSquaresRgb": false, "PriceAdjustment": 0, "PriceAdjustmentUsePercentage": false, "IsPreSelected": false, "DisplayOrder": false, "DisplayImageSquaresPicture": false}, {"NewPrice": "79.0", "Name": "35", "DisplayColorSquaresRgb": false, "PriceAdjustment": 0, "PriceAdjustmentUsePercentage": false, "IsPreSelected": false, "DisplayOrder": false, "DisplayImageSquaresPicture": false}, {"NewPrice": "79.0", "Name": "36", "DisplayColorSquaresRgb": false, "PriceAdjustment": 0, "PriceAdjustmentUsePercentage": false, "IsPreSelected": false, "DisplayOrder": false, "DisplayImageSquaresPicture": false}]}, {"AttributeBasicInfo": {"Name": "Color", "Description": ""}, "Mapping": {"TextPrompt": "Color", "IsRequired": true, "AttributeControlTypeId": 2, "AttributeControlType": "RadioList", "DisplayOrder": 0, "DefaultValue": ""}, "Variables": [{"NewPrice": "69,00", "Name": "NATUREL", "ColorSquaresRgb": "www.jacadi.fr/medias/2020935-606-JC.jpg?context=bWFzdGVyfGltYWdlc3wxODYxNnxpbWFnZS9qcGVnfGltYWdlcy9oOGQvaDBlLzkxNjcwMDcxODY5NzQuanBnfDg2OTU1NWI1NmNjNTA0OTdjYzQ5ZDEyMDNhODg0M2ViNzVlYjlhMDdjY2U4ZDYzMmE5OWMwNmVhNDRhNjNhMzk", "DisplayColorSquaresRgb": false, "PriceAdjustment": 0, "PriceAdjustmentUsePercentage": false, "IsPreSelected": false, "DisplayOrder": false, "DisplayImageSquaresPicture": false}, {"NewPrice": "69,00", "Name": "BORDEAUX", "ColorSquaresRgb": "www.jacadi.fr/medias/2020935-541-JC.jpg?context=bWFzdGVyfGltYWdlc3wxOTY2NnxpbWFnZS9qcGVnfGgzMS9oY2YvOTM2NjUxMDA0MzE2Ni8yMDIwOTM1XzU0MV9KQy5qcGd8MDlhOTViOWY0Y2IzMTViMGFkNWFjNTNiN2NkMzFjNmYwZmRmNDBmN2EyZjk0MWY2YjM3ZmIyOWQ3NjcyY2I2Nw", "DisplayColorSquaresRgb": false, "PriceAdjustment": 0, "PriceAdjustmentUsePercentage": false, "IsPreSelected": true, "DisplayOrder": false, "DisplayImageSquaresPicture": false}, {"NewPrice": "69,00", "Name": "MARINE", "ColorSquaresRgb": "www.jacadi.fr/medias/2020935-123-JC.jpg?context=bWFzdGVyfGltYWdlc3w4MDQ0MnxpbWFnZS9qcGVnfGltYWdlcy9oN2UvaGRhLzkxNjY5OTk0NTM3MjYuanBnfDcxZjAwODIxZjM2NzQ4ZmQyNWQ4N2JiZjhlYjEwMzU2NDM0NDYzY2U1M2MwODA5MjI0YWY2ZjE0MWExNzhjMTc", "DisplayColorSquaresRgb": false, "PriceAdjustment": 0, "PriceAdjustmentUsePercentage": false, "IsPreSelected": false, "DisplayOrder": false, "DisplayImageSquaresPicture": false}]}]}
][
{"Success": true, "TaskId": "1", "Name": "Boots sport chic enfant gar\u00e7on ", "FullDescription": "Votrefilsadumal\u00e0choisirentreunepairedebootsetdestennis?Necherchezplus,vousvenezdetrouverleschaussuresquiluiplairont\u00e0coups\u00fbr.Fusionr\u00e9ussieentreunebasketetunedesertboot,ceschaussuresrobustestaill\u00e9espourlequotidienonttoutpourplaire.\u00c0chausserd\u00e8sleprintempspouraller\u00e0l'\u00e9coleetrejoindrelescopainslemercrediapr\u00e8s-midi,ilpourralesaccorder\u00e0unjeanretrouss\u00e9etunsweatpourunlookurbain.", "Price": "69,00", "ImageThumbnailUrl": "http://www.jacadi.fr/medias/2020935-541FRONT-product?context=bWFzdGVyfGltYWdlc3w4MjQwN3xpbWFnZS9qcGVnfGg2Mi9oODEvOTM2NjgzNjkwMzk2Ni8yMDIwOTM1XzU0MUZST05UX3Byb2R1Y3R8MTE1ODNlYWNjNWI2MjFhYjY3ZWZiZjhiNWFhYzdkODIyMWQzZGQ3MGFhOWExMGI0Zjg0ODUyY2VkMzgyMjNhMQ", "LastChangeTime": "2021-01-08 14:46:50", "ImageUrls": "www.jacadi.fr/medias/2020935-541FRONT-product?context=bWFzdGVyfGltYWdlc3w4MjQwN3xpbWFnZS9qcGVnfGg2Mi9oODEvOTM2NjgzNjkwMzk2Ni8yMDIwOTM1XzU0MUZST05UX3Byb2R1Y3R8MTE1ODNlYWNjNWI2MjFhYjY3ZWZiZjhiNWFhYzdkODIyMWQzZGQ3MGFhOWExMGI0Zjg0ODUyY2VkMzgyMjNhMQ,www.jacadi.fr/medias/2020935-541BACK-product?context=bWFzdGVyfGltYWdlc3w2MDg2OHxpbWFnZS9qcGVnfGgxYS9oZGUvOTM2NjgzNzU1OTMyNi8yMDIwOTM1XzU0MUJBQ0tfcHJvZHVjdHw3OTRlOTQwNjAxMWFkN2E5M2NjYTA3YjNlNjI3NzI2ZTQ0NDBjZWE1ZWU2OWY0ZDkxOGM5NWRmMWY0MjdlNzE2,www.jacadi.fr/medias/2020935-541JSV02-product?context=bWFzdGVyfGltYWdlc3w5MDA1NnxpbWFnZS9qcGVnfGhhYS9oZTgvOTM2NjgzNzg4NzAwNi8yMDIwOTM1XzU0MUpTVjAyX3Byb2R1Y3R8Zjk4ZjU2ZjEyMDg4OWRiZTJlNzE1YTg0Njk3ODc2OTUwNDk0ODIzNTU2NWFkODk2YTViZDY4NTViYTk3NmUzMQ,www.jacadi.fr/medias/2020935-541JSV03-product?context=bWFzdGVyfGltYWdlc3w4NTgwN3xpbWFnZS9qcGVnfGhjYi9oYzIvOTM2NjgzODIxNDY4Ni8yMDIwOTM1XzU0MUpTVjAzX3Byb2R1Y3R8YjYyNDdmODFkOGJhOTE5NTVjZWQzNGM5ODVlMzYzMzcyMmNlZGQ4OTQ5ZGRhNDlkYTVlYWI0NmY4N2FhODg0Ng,www.jacadi.fr/medias/2020935-541JSV04-product?context=bWFzdGVyfGltYWdlc3w4OTk5MHxpbWFnZS9qcGVnfGgzYi9oYjgvOTM2NjgzODU0MjM2Ni8yMDIwOTM1XzU0MUpTVjA0X3Byb2R1Y3R8ODczN2YwNGYxMGRiN2FhNmJiZDlmN2ViNjU0YTU1Mzg4OGQzZDVlYWU0OTliZjY0ZDIxNmFhNGM3YzhmMWRhNA,www.jacadi.fr/medias/2020935-541JSV05-product?context=bWFzdGVyfGltYWdlc3w4ODA4MHxpbWFnZS9qcGVnfGhhYi9oYWQvOTM2NjgzODg3MDA0Ni8yMDIwOTM1XzU0MUpTVjA1X3Byb2R1Y3R8Y2VhZTkyMDI2NzgwNzZhNDg1ZDJlMGFmYmNkY2RmZDJmYzM1OTg2OGYwMTZiN2ZiM2QzNjQ4MzAyYjY4M2NkOA,", "ProductAttributes": [{"AttributeBasicInfo": {"Name": "Size", "Description": ""}, "Mapping": {"TextPrompt": "Size", "IsRequired": true, "AttributeControlTypeId": 2, "AttributeControlType": "RadioList", "DisplayOrder": 0, "DefaultValue": ""}, "Variables": [{"NewPrice": "69.0", "Name": "25", "DisplayColorSquaresRgb": false, "PriceAdjustment": 0, "PriceAdjustmentUsePercentage": false, "IsPreSelected": false, "DisplayOrder": false, "DisplayImageSquaresPicture": false}, {"NewPrice": "69.0", "Name": "26", "DisplayColorSquaresRgb": false, "PriceAdjustment": 0, "PriceAdjustmentUsePercentage": false, "IsPreSelected": false, "DisplayOrder": false, "DisplayImageSquaresPicture": false}, {"NewPrice": "69.0", "Name": "27", "DisplayColorSquaresRgb": false, "PriceAdjustment": 0, "PriceAdjustmentUsePercentage": false, "IsPreSelected": false, "DisplayOrder": false, "DisplayImageSquaresPicture": false}, {"NewPrice": "75.0", "Name": "28", "DisplayColorSquaresRgb": false, "PriceAdjustment": 0, "PriceAdjustmentUsePercentage": false, "IsPreSelected": false, "DisplayOrder": false, "DisplayImageSquaresPicture": false}, {"NewPrice": "75.0", "Name": "29", "DisplayColorSquaresRgb": false, "PriceAdjustment": 0, "PriceAdjustmentUsePercentage": false, "IsPreSelected": false, "DisplayOrder": false, "DisplayImageSquaresPicture": false}, {"NewPrice": "75.0", "Name": "30", "DisplayColorSquaresRgb": false, "PriceAdjustment": 0, "PriceAdjustmentUsePercentage": false, "IsPreSelected": false, "DisplayOrder": false, "DisplayImageSquaresPicture": false}, {"NewPrice": "75.0", "Name": "31", "DisplayColorSquaresRgb": false, "PriceAdjustment": 0, "PriceAdjustmentUsePercentage": false, "IsPreSelected": false, "DisplayOrder": false, "DisplayImageSquaresPicture": false}, {"NewPrice": "75.0", "Name": "32", "DisplayColorSquaresRgb": false, "PriceAdjustment": 0, "PriceAdjustmentUsePercentage": false, "IsPreSelected": false, "DisplayOrder": false, "DisplayImageSquaresPicture": false}, {"NewPrice": "75.0", "Name": "33", "DisplayColorSquaresRgb": false, "PriceAdjustment": 0, "PriceAdjustmentUsePercentage": false, "IsPreSelected": false, "DisplayOrder": false, "DisplayImageSquaresPicture": false}, {"NewPrice": "75.0", "Name": "34", "DisplayColorSquaresRgb": false, "PriceAdjustment": 0, "PriceAdjustmentUsePercentage": false, "IsPreSelected": false, "DisplayOrder": false, "DisplayImageSquaresPicture": false}, {"NewPrice": "79.0", "Name": "35", "DisplayColorSquaresRgb": false, "PriceAdjustment": 0, "PriceAdjustmentUsePercentage": false, "IsPreSelected": false, "DisplayOrder": false, "DisplayImageSquaresPicture": false}, {"NewPrice": "79.0", "Name": "36", "DisplayColorSquaresRgb": false, "PriceAdjustment": 0, "PriceAdjustmentUsePercentage": false, "IsPreSelected": false, "DisplayOrder": false, "DisplayImageSquaresPicture": false}]}, {"AttributeBasicInfo": {"Name": "Color", "Description": ""}, "Mapping": {"TextPrompt": "Color", "IsRequired": true, "AttributeControlTypeId": 2, "AttributeControlType": "RadioList", "DisplayOrder": 0, "DefaultValue": ""}, "Variables": [{"NewPrice": "69,00", "Name": "NATUREL", "ColorSquaresRgb": "www.jacadi.fr/medias/2020935-606-JC.jpg?context=bWFzdGVyfGltYWdlc3wxODYxNnxpbWFnZS9qcGVnfGltYWdlcy9oOGQvaDBlLzkxNjcwMDcxODY5NzQuanBnfDg2OTU1NWI1NmNjNTA0OTdjYzQ5ZDEyMDNhODg0M2ViNzVlYjlhMDdjY2U4ZDYzMmE5OWMwNmVhNDRhNjNhMzk", "DisplayColorSquaresRgb": false, "PriceAdjustment": 0, "PriceAdjustmentUsePercentage": false, "IsPreSelected": false, "DisplayOrder": false, "DisplayImageSquaresPicture": false}, {"NewPrice": "69,00", "Name": "BORDEAUX", "ColorSquaresRgb": "www.jacadi.fr/medias/2020935-541-JC.jpg?context=bWFzdGVyfGltYWdlc3wxOTY2NnxpbWFnZS9qcGVnfGgzMS9oY2YvOTM2NjUxMDA0MzE2Ni8yMDIwOTM1XzU0MV9KQy5qcGd8MDlhOTViOWY0Y2IzMTViMGFkNWFjNTNiN2NkMzFjNmYwZmRmNDBmN2EyZjk0MWY2YjM3ZmIyOWQ3NjcyY2I2Nw", "DisplayColorSquaresRgb": false, "PriceAdjustment": 0, "PriceAdjustmentUsePercentage": false, "IsPreSelected": true, "DisplayOrder": false, "DisplayImageSquaresPicture": false}, {"NewPrice": "69,00", "Name": "MARINE", "ColorSquaresRgb": "www.jacadi.fr/medias/2020935-123-JC.jpg?context=bWFzdGVyfGltYWdlc3w4MDQ0MnxpbWFnZS9qcGVnfGltYWdlcy9oN2UvaGRhLzkxNjY5OTk0NTM3MjYuanBnfDcxZjAwODIxZjM2NzQ4ZmQyNWQ4N2JiZjhlYjEwMzU2NDM0NDYzY2U1M2MwODA5MjI0YWY2ZjE0MWExNzhjMTc", "DisplayColorSquaresRgb": false, "PriceAdjustment": 0, "PriceAdjustmentUsePercentage": false, "IsPreSelected": false, "DisplayOrder": false, "DisplayImageSquaresPicture": false}]}]}
]