[
{"Success": true, "TaskId": "1", "Name": "Bottines en cuir", "FullDescription": "Bottines femme Sandro \u2022 Sandro invite la chanteuse fran\u00e7aise Clara Luciani \u00e0 exprimer ses r\u00eaves le temps d\u2019une collection capsule. Aux c\u00f4t\u00e9s d\u2019Evelyne Chetrite, elle imagine un vestiaire d\u2019une trentaine de cr\u00e9ations en \u00e9dition limit\u00e9e et num\u00e9rot\u00e9e. Son univers graphique teint\u00e9 des couleurs du sud de la France s\u2019exprime dans un style seventies cool empreint de po\u00e9sie. \u2022 Bottines en cuir \u2022 Bout l\u00e9g\u00e8rement pointu \u2022 D\u00e9tail m\u00e9tallique sur le devant \u2022 Fermeture par un zip c\u00f4t\u00e9 \u2022 Hauteur de talon : 6 cm \n\t\t\t\t\n\t\t\t\n\t\t\t\n\t\t\t\tR\u00e9f\u00e9rence : SFACH00535", "Price": "325.0", "LastChangeTime": "2021-01-08 15:20:34", "ImageUrls": "https://fr.sandro-paris.com/on/demandware.static/Sites-Sandro-FR-Site/-/default/dw80260b45/images/img-placeholder.svg,https://fr.sandro-paris.com/on/demandware.static/Sites-Sandro-FR-Site/-/default/dw80260b45/images/img-placeholder.svg,https://fr.sandro-paris.com/on/demandware.static/Sites-Sandro-FR-Site/-/default/dw80260b45/images/img-placeholder.svg,https://fr.sandro-paris.com/on/demandware.static/Sites-Sandro-FR-Site/-/default/dw80260b45/images/img-placeholder.svg,https://fr.sandro-paris.com/on/demandware.static/Sites-Sandro-FR-Site/-/default/dw80260b45/images/img-placeholder.svg,", "ProductAttributes": [{"AttributeBasicInfo": {"Name": "Size", "Description": ""}, "Mapping": {"TextPrompt": "Size", "IsRequired": true, "AttributeControlTypeId": 2, "AttributeControlType": "RadioList", "DisplayOrder": 0, "DefaultValue": ""}, "Variables": [{"NewPrice": "325.0", "Name": "35", "DisplayColorSquaresRgb": false, "PriceAdjustment": 0, "PriceAdjustmentUsePercentage": false, "IsPreSelected": false, "DisplayOrder": false, "DisplayImageSquaresPicture": false}, {"NewPrice": "325.0", "Name": "36", "DisplayColorSquaresRgb": false, "PriceAdjustment": 0, "PriceAdjustmentUsePercentage": false, "IsPreSelected": false, "DisplayOrder": false, "DisplayImageSquaresPicture": false}, {"NewPrice": "325.0", "Name": "37", "DisplayColorSquaresRgb": false, "PriceAdjustment": 0, "PriceAdjustmentUsePercentage": false, "IsPreSelected": false, "DisplayOrder": false, "DisplayImageSquaresPicture": false}, {"NewPrice": "325.0", "Name": "38", "DisplayColorSquaresRgb": false, "PriceAdjustment": 0, "PriceAdjustmentUsePercentage": false, "IsPreSelected": false, "DisplayOrder": false, "DisplayImageSquaresPicture": false}, {"NewPrice": "325.0", "Name": "39", "DisplayColorSquaresRgb": false, "PriceAdjustment": 0, "PriceAdjustmentUsePercentage": false, "IsPreSelected": false, "DisplayOrder": false, "DisplayImageSquaresPicture": false}, {"NewPrice": "325.0", "Name": "40", "DisplayColorSquaresRgb": false, "PriceAdjustment": 0, "PriceAdjustmentUsePercentage": false, "IsPreSelected": false, "DisplayOrder": false, "DisplayImageSquaresPicture": false}, {"NewPrice": "325.0", "Name": "41", "DisplayColorSquaresRgb": false, "PriceAdjustment": 0, "PriceAdjustmentUsePercentage": false, "IsPreSelected": false, "DisplayOrder": false, "DisplayImageSquaresPicture": false}]}, {"AttributeBasicInfo": {"Name": "Color", "Description": ""}, "Mapping": {"TextPrompt": "Color", "IsRequired": true, "AttributeControlTypeId": 2, "AttributeControlType": "RadioList", "DisplayOrder": 0, "DefaultValue": ""}, "Variables": [{"NewPrice": "325.0", "Name": "Marine", "ColorSquaresRgb": "https://fr.sandro-paris.com/on/demandware.static/-/Sites-sandro-catalog-front/default/dw921f9a4b/imagesSwatches/44.jpg", "DisplayColorSquaresRgb": false, "PriceAdjustment": 0, "PriceAdjustmentUsePercentage": false, "IsPreSelected": false, "DisplayOrder": false, "DisplayImageSquaresPicture": false}]}]}
][
{"Success": true, "TaskId": "1", "Name": "Bottines en cuir", "FullDescription": "Bottines femme Sandro \u2022 Sandro invite la chanteuse fran\u00e7aise Clara Luciani \u00e0 exprimer ses r\u00eaves le temps d\u2019une collection capsule. Aux c\u00f4t\u00e9s d\u2019Evelyne Chetrite, elle imagine un vestiaire d\u2019une trentaine de cr\u00e9ations en \u00e9dition limit\u00e9e et num\u00e9rot\u00e9e. Son univers graphique teint\u00e9 des couleurs du sud de la France s\u2019exprime dans un style seventies cool empreint de po\u00e9sie. \u2022 Bottines en cuir \u2022 Bout l\u00e9g\u00e8rement pointu \u2022 D\u00e9tail m\u00e9tallique sur le devant \u2022 Fermeture par un zip c\u00f4t\u00e9 \u2022 Hauteur de talon : 6 cm \n\t\t\t\t\n\t\t\t\n\t\t\t\n\t\t\t\tR\u00e9f\u00e9rence : SFACH00535", "Price": "325.0", "ImageThumbnailUrl": "/on/demandware.static/Sites-Sandro-FR-Site/-/default/dw80260b45/images/img-placeholder.svg", "LastChangeTime": "2021-01-08 15:25:02", "ImageUrls": "https://fr.sandro-paris.com/on/demandware.static/Sites-Sandro-FR-Site/-/default/dw80260b45/images/img-placeholder.svg,https://fr.sandro-paris.com/on/demandware.static/Sites-Sandro-FR-Site/-/default/dw80260b45/images/img-placeholder.svg,https://fr.sandro-paris.com/on/demandware.static/Sites-Sandro-FR-Site/-/default/dw80260b45/images/img-placeholder.svg,https://fr.sandro-paris.com/on/demandware.static/Sites-Sandro-FR-Site/-/default/dw80260b45/images/img-placeholder.svg,https://fr.sandro-paris.com/on/demandware.static/Sites-Sandro-FR-Site/-/default/dw80260b45/images/img-placeholder.svg,", "ProductAttributes": [{"AttributeBasicInfo": {"Name": "Size", "Description": ""}, "Mapping": {"TextPrompt": "Size", "IsRequired": true, "AttributeControlTypeId": 2, "AttributeControlType": "RadioList", "DisplayOrder": 0, "DefaultValue": ""}, "Variables": [{"NewPrice": "325.0", "Name": "35", "DisplayColorSquaresRgb": false, "PriceAdjustment": 0, "PriceAdjustmentUsePercentage": false, "IsPreSelected": false, "DisplayOrder": false, "DisplayImageSquaresPicture": false}, {"NewPrice": "325.0", "Name": "36", "DisplayColorSquaresRgb": false, "PriceAdjustment": 0, "PriceAdjustmentUsePercentage": false, "IsPreSelected": false, "DisplayOrder": false, "DisplayImageSquaresPicture": false}, {"NewPrice": "325.0", "Name": "37", "DisplayColorSquaresRgb": false, "PriceAdjustment": 0, "PriceAdjustmentUsePercentage": false, "IsPreSelected": false, "DisplayOrder": false, "DisplayImageSquaresPicture": false}, {"NewPrice": "325.0", "Name": "38", "DisplayColorSquaresRgb": false, "PriceAdjustment": 0, "PriceAdjustmentUsePercentage": false, "IsPreSelected": false, "DisplayOrder": false, "DisplayImageSquaresPicture": false}, {"NewPrice": "325.0", "Name": "39", "DisplayColorSquaresRgb": false, "PriceAdjustment": 0, "PriceAdjustmentUsePercentage": false, "IsPreSelected": false, "DisplayOrder": false, "DisplayImageSquaresPicture": false}, {"NewPrice": "325.0", "Name": "40", "DisplayColorSquaresRgb": false, "PriceAdjustment": 0, "PriceAdjustmentUsePercentage": false, "IsPreSelected": false, "DisplayOrder": false, "DisplayImageSquaresPicture": false}, {"NewPrice": "325.0", "Name": "41", "DisplayColorSquaresRgb": false, "PriceAdjustment": 0, "PriceAdjustmentUsePercentage": false, "IsPreSelected": false, "DisplayOrder": false, "DisplayImageSquaresPicture": false}]}, {"AttributeBasicInfo": {"Name": "Color", "Description": ""}, "Mapping": {"TextPrompt": "Color", "IsRequired": true, "AttributeControlTypeId": 2, "AttributeControlType": "RadioList", "DisplayOrder": 0, "DefaultValue": ""}, "Variables": [{"NewPrice": "325.0", "Name": "Marine", "ColorSquaresRgb": "https://fr.sandro-paris.com/on/demandware.static/-/Sites-sandro-catalog-front/default/dw921f9a4b/imagesSwatches/44.jpg", "DisplayColorSquaresRgb": false, "PriceAdjustment": 0, "PriceAdjustmentUsePercentage": false, "IsPreSelected": false, "DisplayOrder": false, "DisplayImageSquaresPicture": false}]}]}
]