{"Success": true, "Name": "Baskets cuir bicolores", "Price": "195 .", "LastChangeTime": "2021-01-16T06:14:14.382028", "FullDescription": "Baskets en cuir blanc avec empi\u00e8cements color\u00e9s sur les c\u00f4t\u00e9s et empi\u00e8cements perfor\u00e9s en bout de pied et au talon. Les studs ronds argent\u00e9s et \u00e9toil\u00e9s dor\u00e9s sur les c\u00f4t\u00e9s soulignent le M monogramme, signature de la Maison. Ces baskets s'associent facilement au quotidien avec tous les looks. \u2022 Sneakers en cuir \u2022 Studs ronds et \u00e9toil\u00e9s \u2022 Cuir de vache \u2022 Monogramme M \u2022 ef : MFACH00437", "ImageThumbnailUrl": "https://fr.maje.com/dw/image/v2/AAON_PRD/on/demandware.static/-/Sites-maje-catalog-master-H13/default/dwd5a591eb/images/h13/Maje_MFACH00437-O001_H_P.jpg?sw=670&q=80", "ProductAttributes": [{"AttributeBasicInfo": {"Name": "Size", "Description": ""}, "Mapping": {"TextPrompt": "Size", "IsRequired": true, "AttributeControlTypeId": 2, "AttributeControlType": "RadioList", "DisplayOrder": 0, "DefaultValue": ""}, "Variables": [{"NewPrice": "195 .", "Name": "36", "DisplayColorSquaresRgb": false, "PriceAdjustment": 0, "PriceAdjustmentUsePercentage": false, "IsPreSelected": false, "DisplayOrder": false, "DisplayImageSquaresPicture": false}, {"NewPrice": "195 .", "Name": "37", "DisplayColorSquaresRgb": false, "PriceAdjustment": 0, "PriceAdjustmentUsePercentage": false, "IsPreSelected": false, "DisplayOrder": false, "DisplayImageSquaresPicture": false}, {"NewPrice": "195 .", "Name": "38", "DisplayColorSquaresRgb": false, "PriceAdjustment": 0, "PriceAdjustmentUsePercentage": false, "IsPreSelected": false, "DisplayOrder": false, "DisplayImageSquaresPicture": false}, {"NewPrice": "195 .", "Name": "39", "DisplayColorSquaresRgb": false, "PriceAdjustment": 0, "PriceAdjustmentUsePercentage": false, "IsPreSelected": false, "DisplayOrder": false, "DisplayImageSquaresPicture": false}, {"NewPrice": "195 .", "Name": "40", "DisplayColorSquaresRgb": false, "PriceAdjustment": 0, "PriceAdjustmentUsePercentage": false, "IsPreSelected": false, "DisplayOrder": false, "DisplayImageSquaresPicture": false}, {"NewPrice": "195 .", "Name": "41", "DisplayColorSquaresRgb": false, "PriceAdjustment": 0, "PriceAdjustmentUsePercentage": false, "IsPreSelected": false, "DisplayOrder": false, "DisplayImageSquaresPicture": false}]}, {"AttributeBasicInfo": {"Name": "Color", "Description": ""}, "Mapping": {"TextPrompt": "Color", "IsRequired": true, "AttributeControlTypeId": 2, "AttributeControlType": "RadioList", "DisplayOrder": 0, "DefaultValue": ""}, "Variables": [{"NewPrice": "195 .", "Name": "Noir / blanc", "ColorSquaresRgb": "https://fr.maje.com/on/demandware.static/-/Sites-maje-catalog-front-new/default/dwae9499f9/imagesSwatches/O001.jpg", "DisplayColorSquaresRgb": false, "PriceAdjustment": 0, "PriceAdjustmentUsePercentage": false, "IsPreSelected": true, "DisplayOrder": false, "DisplayImageSquaresPicture": false}]}], "ImageUrls": "https://fr.maje.com/dw/image/v2/AAON_PRD/on/demandware.static/-/Sites-maje-catalog-master-H13/default/dwc31970cd/images/h13/Maje_MFACH00437-O001_H_8.jpg?sw=670&q=80,https://fr.maje.com/dw/image/v2/AAON_PRD/on/demandware.static/-/Sites-maje-catalog-master-H13/default/dw25cf1b42/images/h13/Maje_MFACH00437-O001_H_6.jpg?sw=780&q=80,https://fr.maje.com/dw/image/v2/AAON_PRD/on/demandware.static/-/Sites-maje-catalog-master-H13/default/dw673bc477/images/h13/Maje_MFACH00437-O001_H_2.jpg?sw=780&q=80,https://fr.maje.com/dw/image/v2/AAON_PRD/on/demandware.static/-/Sites-maje-catalog-master-H13/default/dw08573430/images/h13/Maje_MFACH00437-O001_H_5.jpg?sw=780&q=80,https://fr.maje.com/dw/image/v2/AAON_PRD/on/demandware.static/-/Sites-maje-catalog-master-H13/default/dw032a9fe7/images/h13/Maje_MFACH00437-O001_H_3.jpg?sw=780&q=80,https://fr.maje.com/dw/image/v2/AAON_PRD/on/demandware.static/-/Sites-maje-catalog-master-H13/default/dwd5a591eb/images/h13/Maje_MFACH00437-O001_H_P.jpg?sw=670&q=80"}
