{"Success": true, "TaskId": 1, "Name": "Jil Sander                                                              Ribbed-sole leather trainers", "Price": "\u00a54,945", "ImageThumbnailUrl": "//assetsprx.matchesfashion.com/img/product/1384715_1_thumbnail.jpg", "ImageUrls": "//assetsprx.matchesfashion.com/img/product/1384715_1_thumbnail.jpg,//assetsprx.matchesfashion.com/img/product/outfit_1384715_1_thumbnail.jpg,//assetsprx.matchesfashion.com/img/product/1384715_3_thumbnail.jpg,//assetsprx.matchesfashion.com/img/product/1384715_4_thumbnail.jpg,//assetsprx.matchesfashion.com/img/product/1384715_5_thumbnail.jpg,//assetsprx.matchesfashion.com/img/product/1384715_6_thumbnail.jpg", "LastChangeTime": "2021-01-16T06:47:52.787104", "ProductAttributes": [{"AttributeBasicInfo": {"Name": "Size", "Description": ""}, "Mapping": {"TextPrompt": "Size", "IsRequired": true, "AttributeControlTypeId": 2, "AttributeControlType": "RadioList", "DisplayOrder": 0, "DefaultValue": ""}, "Variables": [{"NewPrice": "\u00a54,945", "Name": "35 EU/IT", "DisplayColorSquaresRgb": false, "PriceAdjustment": 0, "PriceAdjustmentUsePercentage": false, "IsPreSelected": false, "DisplayOrder": false, "DisplayImageSquaresPicture": false}, {"NewPrice": "\u00a54,945", "Name": "36 EU/IT", "DisplayColorSquaresRgb": false, "PriceAdjustment": 0, "PriceAdjustmentUsePercentage": false, "IsPreSelected": false, "DisplayOrder": false, "DisplayImageSquaresPicture": false}, {"NewPrice": "\u00a54,945", "Name": "37 EU/IT", "DisplayColorSquaresRgb": false, "PriceAdjustment": 0, "PriceAdjustmentUsePercentage": false, "IsPreSelected": false, "DisplayOrder": false, "DisplayImageSquaresPicture": false}, {"NewPrice": "\u00a54,945", "Name": "38 EU/IT", "DisplayColorSquaresRgb": false, "PriceAdjustment": 0, "PriceAdjustmentUsePercentage": false, "IsPreSelected": false, "DisplayOrder": false, "DisplayImageSquaresPicture": false}, {"NewPrice": "\u00a54,945", "Name": "39 EU/IT", "DisplayColorSquaresRgb": false, "PriceAdjustment": 0, "PriceAdjustmentUsePercentage": false, "IsPreSelected": false, "DisplayOrder": false, "DisplayImageSquaresPicture": false}, {"NewPrice": "\u00a54,945", "Name": "40 EU/IT", "DisplayColorSquaresRgb": false, "PriceAdjustment": 0, "PriceAdjustmentUsePercentage": false, "IsPreSelected": false, "DisplayOrder": false, "DisplayImageSquaresPicture": false}, {"NewPrice": "\u00a54,945", "Name": "41 EU/IT", "DisplayColorSquaresRgb": false, "PriceAdjustment": 0, "PriceAdjustmentUsePercentage": false, "IsPreSelected": false, "DisplayOrder": false, "DisplayImageSquaresPicture": false}]}]}
